Account.Copilot_Account_ExternalID__c,Copilot_Contact_ExternalId__c,LastName,FirstName,Email
Copilot_AccAuto001,CopilotAc001Con001,Gallo  Maaz,Ahmed Jamal,gallomaaz@automation.gainsighttest.com
Copilot_AccAuto001,CopilotAc001Con002,Gallo  Kotagiri,Akhila,gallokotagiri@automation.gainsighttest.com
Copilot_AccAuto001,CopilotAc001Con003,Gallo  Jain,Ankit,gallojain@automation.gainsighttest.com
Copilot_AccAuto001,CopilotAc001Con004,Gallo  Khan,Azharuddin,gallokhan@automation.gainsighttest.com
Copilot_AccAuto001,CopilotAc001Con005,Gallo  Tiwary,Chandramani,gallotiwary@automation.gainsighttest.com
Copilot_AccAuto001,CopilotAc001Con006,Gallo  Baig,Farhatulla Mirza,gallobaig@automation.gainsighttest.com
Copilot_AccAuto001,CopilotAc001Con007,Gallo  Vivek,Ganesan,gallovivek@automation.gainsighttest.com
Copilot_AccAuto001,CopilotAc001Con008,Gallo  Naik,Gayathri,gallonaik@automation.gainsighttest.com
Copilot_AccAuto001,CopilotAc001Con009,Gallo  Golla,Giri Babu,gallogolla@automation.gainsighttest.com
Copilot_AccAuto001,CopilotAc001Con010,Gallo  Kommasani,Govardhan,gallokommasani@automation.gainsighttest.com
Copilot_AccAuto001,CopilotAc001Con011,Gallo  Vadlamudi,Hari babu,gallovadlamudi@automation.gainsighttest.com
Copilot_AccAuto001,CopilotAc001Con012,Gallo  Siripurapu,Jagadeesh,gallosiripurapu@automation.gainsighttest.com
Copilot_AccAuto001,CopilotAc001Con013,Gallo  Vunnam,Jaya Prakash,gallovunnam@automation.gainsighttest.com
Copilot_AccAuto001,CopilotAc001Con014,Gallo  Gubbala,Kiran Kumar,gallogubbala@automation.gainsighttest.com
Copilot_AccAuto001,CopilotAc001Con015,Gallo  Sarangam,Krishna Sekhar,gallosarangam@automation.gainsighttest.com
Copilot_AccAuto002,CopilotAc002Con001,Facts  Kilari,Murali Krishna,factskilari@automation.gainsighttest.com
Copilot_AccAuto002,CopilotAc002Con002,Facts  Kavali,Murthy,factskavali@automation.gainsighttest.com
Copilot_AccAuto002,CopilotAc002Con003,Facts  Sumesh,Narayanan,factssumesh@automation.gainsighttest.com
Copilot_AccAuto002,CopilotAc002Con004,Facts  Dalal,Pawel,factsdalal@automation.gainsighttest.com
Copilot_AccAuto002,CopilotAc002Con005,Facts  Parthiban,Periasami,factsparthiban@automation.gainsighttest.com
Copilot_AccAuto002,CopilotAc002Con006,Facts  Saraswathi,Pradeep,factssaraswathi@automation.gainsighttest.com
Copilot_AccAuto002,CopilotAc002Con007,Facts  Mendu,Prashanthi,factsmendu@automation.gainsighttest.com
Copilot_AccAuto002,CopilotAc002Con008,Facts  Avinash,Pulimi,factsavinash@automation.gainsighttest.com
Copilot_AccAuto002,CopilotAc002Con009,Facts  Kuditipudi,Raja,factskuditipudi@automation.gainsighttest.com
Copilot_AccAuto002,CopilotAc002Con010,Facts  Yaddanapalli,Rajesh,factsyaddanapalli@automation.gainsighttest.com
Copilot_AccAuto002,CopilotAc002Con011,Facts  Bankuru,Ramesh,factsbankuru@automation.gainsighttest.com
Copilot_AccAuto002,CopilotAc002Con012,Facts  Gurram,Ranjith Kumar,factsgurram@automation.gainsighttest.com
Copilot_AccAuto002,CopilotAc002Con013,Facts  Ravela,Renetha,factsravela@automation.gainsighttest.com
Copilot_AccAuto002,CopilotAc002Con014,Facts  Dugar,Sandeep,factsdugar@automation.gainsighttest.com
Copilot_AccAuto002,CopilotAc002Con015,Facts  Dontharaju,Sandy,factsdontharaju@automation.gainsighttest.com
Copilot_AccAuto002,CopilotAc002Con016,Facts  Thounajam,Santa,factsthounajam@automation.gainsighttest.com
Copilot_AccAuto002,CopilotAc002Con017,Facts  Chikoti,Santosh,factschikoti@automation.gainsighttest.com
Copilot_AccAuto002,CopilotAc002Con018,Facts  Gutha,Siddhartha,factsgutha@automation.gainsighttest.com
Copilot_AccAuto002,CopilotAc002Con019,Facts  Nasika,Siva Prasad,factsnasika@automation.gainsighttest.com
Copilot_AccAuto002,CopilotAc002Con020,Facts  Jha,Sneha,factsjha@automation.gainsighttest.com
Copilot_AccAuto003,CopilotAc003Con001,PacDevco  Rallapalli,Sri Vidya,pacdevcorallapalli@automation.gainsighttest.com
Copilot_AccAuto003,CopilotAc003Con002,PacDevco  Pulagam,Srinivas,pacdevcopulagam@automation.gainsighttest.com
Copilot_AccAuto003,CopilotAc003Con003,PacDevco  Padmanabhan,Sunand,pacdevcopadmanabhan@automation.gainsighttest.com
Copilot_AccAuto003,CopilotAc003Con004,PacDevco  Agrawal,Swatantra ,pacdevcoagrawal@automation.gainsighttest.com
Copilot_AccAuto003,CopilotAc003Con005,PacDevco  Parava,Swetha,pacdevcoparava@automation.gainsighttest.com
Copilot_AccAuto003,CopilotAc003Con006,PacDevco  Gali,Ugesh,pacdevcogali@automation.gainsighttest.com
Copilot_AccAuto003,CopilotAc003Con007,PacDevco  Thumalapalli,Ramanjaneya Kumar ,pacdevcothumalapalli@automation.gainsighttest.com
Copilot_AccAuto003,CopilotAc003Con008,PacDevco  Sundaresan,Vellaichamy,pacdevcosundaresan@automation.gainsighttest.com
Copilot_AccAuto003,CopilotAc003Con009,PacDevco  Gayam,Santosh Reddy,pacdevcogayam@automation.gainsighttest.com
Copilot_AccAuto003,CopilotAc003Con010,PacDevco  Pucchakayala,Raj Kiran,pacdevcopucchakayala@automation.gainsighttest.com
Copilot_AccAuto003,CopilotAc003Con011,PacDevco  Gunasekaran,Suresh,pacdevcogunasekaran@automation.gainsighttest.com
Copilot_AccAuto003,CopilotAc003Con012,PacDevco  Pulluri,Sai Ram,pacdevcopulluri@automation.gainsighttest.com
Copilot_AccAuto003,CopilotAc003Con013,PacDevco  Burle,Ganesh,pacdevcoburle@automation.gainsighttest.com
Copilot_AccAuto003,CopilotAc003Con014,PacDevco  Kamsali,Bindhu Madhavi ,pacdevcokamsali@automation.gainsighttest.com
Copilot_AccAuto003,CopilotAc003Con015,PacDevco  Kalisipudi,Ramya,pacdevcokalisipudi@automation.gainsighttest.com
Copilot_AccAuto004,CopilotAc004Con001,UniAmerica  Kumar,Sandeep Kumar,uniamericakumar@automation.gainsighttest.com
Copilot_AccAuto004,CopilotAc004Con002,UniAmerica  Ithapu,Naveen Ithapu,uniamericaithapu@automation.gainsighttest.com
Copilot_AccAuto004,CopilotAc004Con003,UniAmerica  Maaz,Ahmed Jamal,uniamericamaaz@automation.gainsighttest.com
Copilot_AccAuto004,CopilotAc004Con004,UniAmerica  Kotagiri,Akhila,uniamericakotagiri@automation.gainsighttest.com
Copilot_AccAuto004,CopilotAc004Con005,UniAmerica  Jain,Ankit,uniamericajain@automation.gainsighttest.com
Copilot_AccAuto005,CopilotAc005Con001,East  Khan,Azharuddin,eastkhan@automation.gainsighttest.com
Copilot_AccAuto005,CopilotAc005Con002,East  Tiwary,Chandramani,easttiwary@automation.gainsighttest.com
Copilot_AccAuto005,CopilotAc005Con003,East  Baig,Farhatulla Mirza,eastbaig@automation.gainsighttest.com
Copilot_AccAuto005,CopilotAc005Con004,East  Vivek,Ganesan,eastvivek@automation.gainsighttest.com
Copilot_AccAuto005,CopilotAc005Con005,East  Naik,Gayathri,eastnaik@automation.gainsighttest.com
Copilot_AccAuto005,CopilotAc005Con006,East  Golla,Giri Babu,eastgolla@automation.gainsighttest.com
Copilot_AccAuto005,CopilotAc005Con007,East  Kommasani,Govardhan,eastkommasani@automation.gainsighttest.com
Copilot_AccAuto005,CopilotAc005Con008,East  Vadlamudi,Hari babu,eastvadlamudi@automation.gainsighttest.com
Copilot_AccAuto005,CopilotAc005Con009,East  Siripurapu,Jagadeesh,eastsiripurapu@automation.gainsighttest.com
Copilot_AccAuto005,CopilotAc005Con010,East  Vunnam,Jaya Prakash,eastvunnam@automation.gainsighttest.com
Copilot_AccAuto005,CopilotAc005Con011,East  Gubbala,Kiran Kumar,eastgubbala@automation.gainsighttest.com
Copilot_AccAuto005,CopilotAc005Con012,East  Sarangam,Krishna Sekhar,eastsarangam@automation.gainsighttest.com
Copilot_AccAuto005,CopilotAc005Con013,East  Kilari,Murali Krishna,eastkilari@automation.gainsighttest.com
Copilot_AccAuto005,CopilotAc005Con014,East  Kavali,Murthy,eastkavali@automation.gainsighttest.com
Copilot_AccAuto005,CopilotAc005Con015,East  Sumesh,Narayanan,eastsumesh@automation.gainsighttest.com
Copilot_AccAuto005,CopilotAc005Con016,East  Dalal,Pawel,eastdalal@automation.gainsighttest.com
Copilot_AccAuto005,CopilotAc005Con017,East  Parthiban,Periasami,eastparthiban@automation.gainsighttest.com
Copilot_AccAuto005,CopilotAc005Con018,East  Saraswathi,Pradeep,eastsaraswathi@automation.gainsighttest.com
Copilot_AccAuto005,CopilotAc005Con019,East  Mendu,Prashanthi,eastmendu@automation.gainsighttest.com
Copilot_AccAuto005,CopilotAc005Con020,East  Avinash,Pulimi,eastavinash@automation.gainsighttest.com
Copilot_AccAuto006,CopilotAc006Con001,UBAF  Kuditipudi,Raja,ubafkuditipudi@automation.gainsighttest.com
Copilot_AccAuto006,CopilotAc006Con002,UBAF  Yaddanapalli,Rajesh,ubafyaddanapalli@automation.gainsighttest.com
Copilot_AccAuto006,CopilotAc006Con003,UBAF  Bankuru,Ramesh,ubafbankuru@automation.gainsighttest.com
Copilot_AccAuto006,CopilotAc006Con004,UBAF  Gurram,Ranjith Kumar,ubafgurram@automation.gainsighttest.com
Copilot_AccAuto006,CopilotAc006Con005,UBAF  Ravela,Renetha,ubafravela@automation.gainsighttest.com
Copilot_AccAuto006,CopilotAc006Con006,UBAF  Dugar,Sandeep,ubafdugar@automation.gainsighttest.com
Copilot_AccAuto006,CopilotAc006Con007,UBAF  Dontharaju,Sandy,ubafdontharaju@automation.gainsighttest.com
Copilot_AccAuto006,CopilotAc006Con008,UBAF  Thounajam,Santa,ubafthounajam@automation.gainsighttest.com
Copilot_AccAuto006,CopilotAc006Con009,UBAF  Chikoti,Santosh,ubafchikoti@automation.gainsighttest.com
Copilot_AccAuto006,CopilotAc006Con010,UBAF  Gutha,Siddhartha,ubafgutha@automation.gainsighttest.com
Copilot_AccAuto006,CopilotAc006Con011,UBAF  Nasika,Siva Prasad,ubafnasika@automation.gainsighttest.com
Copilot_AccAuto006,CopilotAc006Con012,UBAF  Jha,Sneha,ubafjha@automation.gainsighttest.com
Copilot_AccAuto006,CopilotAc006Con013,UBAF  Rallapalli,Sri Vidya,ubafrallapalli@automation.gainsighttest.com
Copilot_AccAuto006,CopilotAc006Con014,UBAF  Pulagam,Srinivas,ubafpulagam@automation.gainsighttest.com
Copilot_AccAuto006,CopilotAc006Con015,UBAF  Padmanabhan,Sunand,ubafpadmanabhan@automation.gainsighttest.com
Copilot_AccAuto007,CopilotAc007Con001,Veritas  Agrawal,Swatantra ,veritasagrawal@automation.gainsighttest.com
Copilot_AccAuto007,CopilotAc007Con002,Veritas  Parava,Swetha,veritasparava@automation.gainsighttest.com
Copilot_AccAuto007,CopilotAc007Con003,Veritas  Gali,Ugesh,veritasgali@automation.gainsighttest.com
Copilot_AccAuto007,CopilotAc007Con004,Veritas  Thumalapalli,Ramanjaneya Kumar ,veritasthumalapalli@automation.gainsighttest.com
Copilot_AccAuto007,CopilotAc007Con005,Veritas  Sundaresan,Vellaichamy,veritassundaresan@automation.gainsighttest.com
Copilot_AccAuto007,CopilotAc007Con006,Veritas  Gayam,Santosh Reddy,veritasgayam@automation.gainsighttest.com
Copilot_AccAuto007,CopilotAc007Con007,Veritas  Pucchakayala,Raj Kiran,veritaspucchakayala@automation.gainsighttest.com
Copilot_AccAuto007,CopilotAc007Con008,Veritas  Gunasekaran,Suresh,veritasgunasekaran@automation.gainsighttest.com
Copilot_AccAuto007,CopilotAc007Con009,Veritas  Pulluri,Sai Ram,veritaspulluri@automation.gainsighttest.com
Copilot_AccAuto007,CopilotAc007Con010,Veritas  Burle,Ganesh,veritasburle@automation.gainsighttest.com
Copilot_AccAuto007,CopilotAc007Con011,Veritas  Kamsali,Bindhu Madhavi ,veritaskamsali@automation.gainsighttest.com
Copilot_AccAuto007,CopilotAc007Con012,Veritas  Kalisipudi,Ramya,veritaskalisipudi@automation.gainsighttest.com
Copilot_AccAuto007,CopilotAc007Con013,Veritas  Kumar,Sandeep Kumar,veritaskumar@automation.gainsighttest.com
Copilot_AccAuto007,CopilotAc007Con014,Veritas  Ithapu,Naveen Ithapu,veritasithapu@automation.gainsighttest.com
Copilot_AccAuto007,CopilotAc007Con015,Veritas  Maaz,Ahmed Jamal,veritasmaaz@automation.gainsighttest.com
Copilot_AccAuto007,CopilotAc007Con016,Veritas  Kotagiri,Akhila,veritaskotagiri@automation.gainsighttest.com
Copilot_AccAuto007,CopilotAc007Con017,Veritas  Jain,Ankit,veritasjain@automation.gainsighttest.com
Copilot_AccAuto007,CopilotAc007Con018,Veritas  Khan,Azharuddin,veritaskhan@automation.gainsighttest.com
Copilot_AccAuto007,CopilotAc007Con019,Veritas  Tiwary,Chandramani,veritastiwary@automation.gainsighttest.com
Copilot_AccAuto007,CopilotAc007Con020,Veritas  Baig,Farhatulla Mirza,veritasbaig@automation.gainsighttest.com
Copilot_AccAuto008,CopilotAc008Con001,Quinn/Brein  Vivek,Ganesan,quinn/breinvivek@automation.gainsighttest.com
Copilot_AccAuto008,CopilotAc008Con002,Quinn/Brein  Naik,Gayathri,quinn/breinnaik@automation.gainsighttest.com
Copilot_AccAuto008,CopilotAc008Con003,Quinn/Brein  Golla,Giri Babu,quinn/breingolla@automation.gainsighttest.com
Copilot_AccAuto008,CopilotAc008Con004,Quinn/Brein  Kommasani,Govardhan,quinn/breinkommasani@automation.gainsighttest.com
Copilot_AccAuto008,CopilotAc008Con005,Quinn/Brein  Vadlamudi,Hari babu,quinn/breinvadlamudi@automation.gainsighttest.com
Copilot_AccAuto009,CopilotAc009Con001,Nardon  Siripurapu,Jagadeesh,nardonsiripurapu@automation.gainsighttest.com
Copilot_AccAuto009,CopilotAc009Con002,Nardon  Vunnam,Jaya Prakash,nardonvunnam@automation.gainsighttest.com
Copilot_AccAuto009,CopilotAc009Con003,Nardon  Gubbala,Kiran Kumar,nardongubbala@automation.gainsighttest.com
Copilot_AccAuto009,CopilotAc009Con004,Nardon  Sarangam,Krishna Sekhar,nardonsarangam@automation.gainsighttest.com
Copilot_AccAuto009,CopilotAc009Con005,Nardon  Kilari,Murali Krishna,nardonkilari@automation.gainsighttest.com
Copilot_AccAuto009,CopilotAc009Con006,Nardon  Kavali,Murthy,nardonkavali@automation.gainsighttest.com
Copilot_AccAuto009,CopilotAc009Con007,Nardon  Sumesh,Narayanan,nardonsumesh@automation.gainsighttest.com
Copilot_AccAuto009,CopilotAc009Con008,Nardon  Dalal,Pawel,nardondalal@automation.gainsighttest.com
Copilot_AccAuto009,CopilotAc009Con009,Nardon  Parthiban,Periasami,nardonparthiban@automation.gainsighttest.com
Copilot_AccAuto009,CopilotAc009Con010,Nardon  Saraswathi,Pradeep,nardonsaraswathi@automation.gainsighttest.com
Copilot_AccAuto010,CopilotAc010Con001,Abberley  Mendu,Prashanthi,abberleymendu@automation.gainsighttest.com
Copilot_AccAuto010,CopilotAc010Con002,Abberley  Avinash,Pulimi,abberleyavinash@automation.gainsighttest.com
Copilot_AccAuto010,CopilotAc010Con003,Abberley  Kuditipudi,Raja,abberleykuditipudi@automation.gainsighttest.com
Copilot_AccAuto010,CopilotAc010Con004,Abberley  Yaddanapalli,Rajesh,abberleyyaddanapalli@automation.gainsighttest.com
Copilot_AccAuto010,CopilotAc010Con005,Abberley  Bankuru,Ramesh,abberleybankuru@automation.gainsighttest.com
Copilot_AccAuto010,CopilotAc010Con006,Abberley  Gurram,Ranjith Kumar,abberleygurram@automation.gainsighttest.com
Copilot_AccAuto011,CopilotAc011Con001,IBM  Ravela,Renetha,ibmravela@automation.gainsighttest.com
Copilot_AccAuto011,CopilotAc011Con002,IBM  Dugar,Sandeep,ibmdugar@automation.gainsighttest.com
Copilot_AccAuto011,CopilotAc011Con003,IBM  Dontharaju,Sandy,ibmdontharaju@automation.gainsighttest.com
Copilot_AccAuto011,CopilotAc011Con004,IBM  Thounajam,Santa,ibmthounajam@automation.gainsighttest.com
Copilot_AccAuto011,CopilotAc011Con005,IBM  Chikoti,Santosh,ibmchikoti@automation.gainsighttest.com
Copilot_AccAuto011,CopilotAc011Con006,IBM  Gutha,Siddhartha,ibmgutha@automation.gainsighttest.com
Copilot_AccAuto011,CopilotAc011Con007,IBM  Nasika,Siva Prasad,ibmnasika@automation.gainsighttest.com
Copilot_AccAuto011,CopilotAc011Con008,IBM  Jha,Sneha,ibmjha@automation.gainsighttest.com
Copilot_AccAuto011,CopilotAc011Con009,IBM  Rallapalli,Sri Vidya,ibmrallapalli@automation.gainsighttest.com
Copilot_AccAuto011,CopilotAc011Con010,IBM  Pulagam,Srinivas,ibmpulagam@automation.gainsighttest.com
Copilot_AccAuto012,CopilotAc012Con001,Via  Padmanabhan,Sunand,viapadmanabhan@automation.gainsighttest.com
Copilot_AccAuto012,CopilotAc012Con002,Via  Agrawal,Swatantra ,viaagrawal@automation.gainsighttest.com
Copilot_AccAuto012,CopilotAc012Con003,Via  Parava,Swetha,viaparava@automation.gainsighttest.com
Copilot_AccAuto012,CopilotAc012Con004,Via  Gali,Ugesh,viagali@automation.gainsighttest.com
Copilot_AccAuto012,CopilotAc012Con005,Via  Thumalapalli,Ramanjaneya Kumar ,viathumalapalli@automation.gainsighttest.com
Copilot_AccAuto012,CopilotAc012Con006,Via  Sundaresan,Vellaichamy,viasundaresan@automation.gainsighttest.com
Copilot_AccAuto012,CopilotAc012Con007,Via  Gayam,Santosh Reddy,viagayam@automation.gainsighttest.com
Copilot_AccAuto012,CopilotAc012Con008,Via  Pucchakayala,Raj Kiran,viapucchakayala@automation.gainsighttest.com
Copilot_AccAuto012,CopilotAc012Con009,Via  Gunasekaran,Suresh,viagunasekaran@automation.gainsighttest.com
Copilot_AccAuto012,CopilotAc012Con010,Via  Pulluri,Sai Ram,viapulluri@automation.gainsighttest.com
Copilot_AccAuto012,CopilotAc012Con011,Via  Burle,Ganesh,viaburle@automation.gainsighttest.com
Copilot_AccAuto012,CopilotAc012Con012,Via  Kamsali,Bindhu Madhavi ,viakamsali@automation.gainsighttest.com
Copilot_AccAuto012,CopilotAc012Con013,Via  Kalisipudi,Ramya,viakalisipudi@automation.gainsighttest.com
Copilot_AccAuto012,CopilotAc012Con014,Via  Kumar,Sandeep Kumar,viakumar@automation.gainsighttest.com
Copilot_AccAuto012,CopilotAc012Con015,Via  Ithapu,Naveen Ithapu,viaithapu@automation.gainsighttest.com
Copilot_AccAuto012,CopilotAc012Con016,Via  Maaz,Ahmed Jamal,viamaaz@automation.gainsighttest.com
Copilot_AccAuto012,CopilotAc012Con017,Via  Kotagiri,Akhila,viakotagiri@automation.gainsighttest.com
Copilot_AccAuto012,CopilotAc012Con018,Via  Jain,Ankit,viajain@automation.gainsighttest.com
Copilot_AccAuto012,CopilotAc012Con019,Via  Khan,Azharuddin,viakhan@automation.gainsighttest.com
Copilot_AccAuto012,CopilotAc012Con020,Via  Tiwary,Chandramani,viatiwary@automation.gainsighttest.com
Copilot_AccAuto012,CopilotAc012Con021,Via  Baig,Farhatulla Mirza,viabaig@automation.gainsighttest.com
Copilot_AccAuto012,CopilotAc012Con022,Via  Vivek,Ganesan,viavivek@automation.gainsighttest.com
Copilot_AccAuto012,CopilotAc012Con023,Via  Naik,Gayathri,vianaik@automation.gainsighttest.com
Copilot_AccAuto012,CopilotAc012Con024,Via  Golla,Giri Babu,viagolla@automation.gainsighttest.com
Copilot_AccAuto012,CopilotAc012Con025,Via  Kommasani,Govardhan,viakommasani@automation.gainsighttest.com
Copilot_AccAuto013,CopilotAc013Con001,IBIS  Vadlamudi,Hari babu,ibisvadlamudi@automation.gainsighttest.com
Copilot_AccAuto013,CopilotAc013Con002,IBIS  Siripurapu,Jagadeesh,ibissiripurapu@automation.gainsighttest.com
Copilot_AccAuto013,CopilotAc013Con003,IBIS  Vunnam,Jaya Prakash,ibisvunnam@automation.gainsighttest.com
Copilot_AccAuto013,CopilotAc013Con004,IBIS  Gubbala,Kiran Kumar,ibisgubbala@automation.gainsighttest.com
Copilot_AccAuto013,CopilotAc013Con005,IBIS  Sarangam,Krishna Sekhar,ibissarangam@automation.gainsighttest.com
Copilot_AccAuto013,CopilotAc013Con006,IBIS  Kilari,Murali Krishna,ibiskilari@automation.gainsighttest.com
Copilot_AccAuto013,CopilotAc013Con007,IBIS  Kavali,Murthy,ibiskavali@automation.gainsighttest.com
Copilot_AccAuto013,CopilotAc013Con008,IBIS  Sumesh,Narayanan,ibissumesh@automation.gainsighttest.com
Copilot_AccAuto013,CopilotAc013Con009,IBIS  Dalal,Pawel,ibisdalal@automation.gainsighttest.com
Copilot_AccAuto013,CopilotAc013Con010,IBIS  Parthiban,Periasami,ibisparthiban@automation.gainsighttest.com
Copilot_AccAuto013,CopilotAc013Con011,IBIS  Saraswathi,Pradeep,ibissaraswathi@automation.gainsighttest.com
Copilot_AccAuto013,CopilotAc013Con012,IBIS  Mendu,Prashanthi,ibismendu@automation.gainsighttest.com
Copilot_AccAuto013,CopilotAc013Con013,IBIS  Avinash,Pulimi,ibisavinash@automation.gainsighttest.com
Copilot_AccAuto013,CopilotAc013Con014,IBIS  Kuditipudi,Raja,ibiskuditipudi@automation.gainsighttest.com
Copilot_AccAuto013,CopilotAc013Con015,IBIS  Yaddanapalli,Rajesh,ibisyaddanapalli@automation.gainsighttest.com
Copilot_AccAuto014,CopilotAc014Con001,Galbreath  Bankuru,Ramesh,galbreathbankuru@automation.gainsighttest.com
Copilot_AccAuto014,CopilotAc014Con002,Galbreath  Gurram,Ranjith Kumar,galbreathgurram@automation.gainsighttest.com
Copilot_AccAuto014,CopilotAc014Con003,Galbreath  Ravela,Renetha,galbreathravela@automation.gainsighttest.com
Copilot_AccAuto014,CopilotAc014Con004,Galbreath  Dugar,Sandeep,galbreathdugar@automation.gainsighttest.com
Copilot_AccAuto014,CopilotAc014Con005,Galbreath  Dontharaju,Sandy,galbreathdontharaju@automation.gainsighttest.com
Copilot_AccAuto014,CopilotAc014Con006,Galbreath  Thounajam,Santa,galbreaththounajam@automation.gainsighttest.com
Copilot_AccAuto014,CopilotAc014Con007,Galbreath  Chikoti,Santosh,galbreathchikoti@automation.gainsighttest.com
Copilot_AccAuto014,CopilotAc014Con008,Galbreath  Gutha,Siddhartha,galbreathgutha@automation.gainsighttest.com
Copilot_AccAuto014,CopilotAc014Con009,Galbreath  Nasika,Siva Prasad,galbreathnasika@automation.gainsighttest.com
Copilot_AccAuto014,CopilotAc014Con010,Galbreath  Jha,Sneha,galbreathjha@automation.gainsighttest.com
Copilot_AccAuto014,CopilotAc014Con011,Galbreath  Rallapalli,Sri Vidya,galbreathrallapalli@automation.gainsighttest.com
Copilot_AccAuto014,CopilotAc014Con012,Galbreath  Pulagam,Srinivas,galbreathpulagam@automation.gainsighttest.com
Copilot_AccAuto014,CopilotAc014Con013,Galbreath  Padmanabhan,Sunand,galbreathpadmanabhan@automation.gainsighttest.com
Copilot_AccAuto014,CopilotAc014Con014,Galbreath  Agrawal,Swatantra ,galbreathagrawal@automation.gainsighttest.com
Copilot_AccAuto014,CopilotAc014Con015,Galbreath  Parava,Swetha,galbreathparava@automation.gainsighttest.com
Copilot_AccAuto014,CopilotAc014Con016,Galbreath  Gali,Ugesh,galbreathgali@automation.gainsighttest.com
Copilot_AccAuto014,CopilotAc014Con017,Galbreath  Thumalapalli,Ramanjaneya Kumar ,galbreaththumalapalli@automation.gainsighttest.com
Copilot_AccAuto014,CopilotAc014Con018,Galbreath  Sundaresan,Vellaichamy,galbreathsundaresan@automation.gainsighttest.com
Copilot_AccAuto014,CopilotAc014Con019,Galbreath  Gayam,Santosh Reddy,galbreathgayam@automation.gainsighttest.com
Copilot_AccAuto014,CopilotAc014Con020,Galbreath  Pucchakayala,Raj Kiran,galbreathpucchakayala@automation.gainsighttest.com
Copilot_AccAuto014,CopilotAc014Con021,Galbreath  Gunasekaran,Suresh,galbreathgunasekaran@automation.gainsighttest.com
Copilot_AccAuto014,CopilotAc014Con022,Galbreath  Pulluri,Sai Ram,galbreathpulluri@automation.gainsighttest.com
Copilot_AccAuto014,CopilotAc014Con023,Galbreath  Burle,Ganesh,galbreathburle@automation.gainsighttest.com
Copilot_AccAuto014,CopilotAc014Con024,Galbreath  Kamsali,Bindhu Madhavi ,galbreathkamsali@automation.gainsighttest.com
Copilot_AccAuto014,CopilotAc014Con025,Galbreath  Kalisipudi,Ramya,galbreathkalisipudi@automation.gainsighttest.com
Copilot_AccAuto014,CopilotAc014Con026,Galbreath  Kumar,Sandeep Kumar,galbreathkumar@automation.gainsighttest.com
Copilot_AccAuto014,CopilotAc014Con027,Galbreath  Ithapu,Naveen Ithapu,galbreathithapu@automation.gainsighttest.com
Copilot_AccAuto014,CopilotAc014Con028,Galbreath  Maaz,Ahmed Jamal,galbreathmaaz@automation.gainsighttest.com
Copilot_AccAuto014,CopilotAc014Con029,Galbreath  Kotagiri,Akhila,galbreathkotagiri@automation.gainsighttest.com
Copilot_AccAuto014,CopilotAc014Con030,Galbreath  Jain,Ankit,galbreathjain@automation.gainsighttest.com
Copilot_AccAuto015,CopilotAc015Con001,Back  Khan,Azharuddin,backkhan@automation.gainsighttest.com
Copilot_AccAuto015,CopilotAc015Con002,Back  Tiwary,Chandramani,backtiwary@automation.gainsighttest.com
Copilot_AccAuto015,CopilotAc015Con003,Back  Baig,Farhatulla Mirza,backbaig@automation.gainsighttest.com
Copilot_AccAuto015,CopilotAc015Con004,Back  Vivek,Ganesan,backvivek@automation.gainsighttest.com
Copilot_AccAuto016,CopilotAc016Con001,Cadbury  Naik,Gayathri,cadburynaik@automation.gainsighttest.com
Copilot_AccAuto016,CopilotAc016Con002,Cadbury  Golla,Giri Babu,cadburygolla@automation.gainsighttest.com
Copilot_AccAuto016,CopilotAc016Con003,Cadbury  Kommasani,Govardhan,cadburykommasani@automation.gainsighttest.com
Copilot_AccAuto016,CopilotAc016Con004,Cadbury  Vadlamudi,Hari babu,cadburyvadlamudi@automation.gainsighttest.com
Copilot_AccAuto016,CopilotAc016Con005,Cadbury  Siripurapu,Jagadeesh,cadburysiripurapu@automation.gainsighttest.com
Copilot_AccAuto016,CopilotAc016Con006,Cadbury  Vunnam,Jaya Prakash,cadburyvunnam@automation.gainsighttest.com
Copilot_AccAuto016,CopilotAc016Con007,Cadbury  Gubbala,Kiran Kumar,cadburygubbala@automation.gainsighttest.com
Copilot_AccAuto017,CopilotAc017Con001,Lafferty  Sarangam,Krishna Sekhar,laffertysarangam@automation.gainsighttest.com
Copilot_AccAuto017,CopilotAc017Con002,Lafferty  Kilari,Murali Krishna,laffertykilari@automation.gainsighttest.com
Copilot_AccAuto017,CopilotAc017Con003,Lafferty  Kavali,Murthy,laffertykavali@automation.gainsighttest.com
Copilot_AccAuto017,CopilotAc017Con004,Lafferty  Sumesh,Narayanan,laffertysumesh@automation.gainsighttest.com
Copilot_AccAuto017,CopilotAc017Con005,Lafferty  Dalal,Pawel,laffertydalal@automation.gainsighttest.com
Copilot_AccAuto017,CopilotAc017Con006,Lafferty  Parthiban,Periasami,laffertyparthiban@automation.gainsighttest.com
Copilot_AccAuto017,CopilotAc017Con007,Lafferty  Saraswathi,Pradeep,laffertysaraswathi@automation.gainsighttest.com
Copilot_AccAuto017,CopilotAc017Con008,Lafferty  Mendu,Prashanthi,laffertymendu@automation.gainsighttest.com
Copilot_AccAuto017,CopilotAc017Con009,Lafferty  Avinash,Pulimi,laffertyavinash@automation.gainsighttest.com
Copilot_AccAuto017,CopilotAc017Con010,Lafferty  Kuditipudi,Raja,laffertykuditipudi@automation.gainsighttest.com
Copilot_AccAuto017,CopilotAc017Con011,Lafferty  Yaddanapalli,Rajesh,laffertyyaddanapalli@automation.gainsighttest.com
Copilot_AccAuto017,CopilotAc017Con012,Lafferty  Bankuru,Ramesh,laffertybankuru@automation.gainsighttest.com
Copilot_AccAuto018,CopilotAc018Con001,O-Cel-O  Gurram,Ranjith Kumar,o-cel-ogurram@automation.gainsighttest.com
Copilot_AccAuto018,CopilotAc018Con002,O-Cel-O  Ravela,Renetha,o-cel-oravela@automation.gainsighttest.com
Copilot_AccAuto018,CopilotAc018Con003,O-Cel-O  Dugar,Sandeep,o-cel-odugar@automation.gainsighttest.com
Copilot_AccAuto018,CopilotAc018Con004,O-Cel-O  Dontharaju,Sandy,o-cel-odontharaju@automation.gainsighttest.com
Copilot_AccAuto018,CopilotAc018Con005,O-Cel-O  Thounajam,Santa,o-cel-othounajam@automation.gainsighttest.com
Copilot_AccAuto018,CopilotAc018Con006,O-Cel-O  Chikoti,Santosh,o-cel-ochikoti@automation.gainsighttest.com
Copilot_AccAuto018,CopilotAc018Con007,O-Cel-O  Gutha,Siddhartha,o-cel-ogutha@automation.gainsighttest.com
Copilot_AccAuto018,CopilotAc018Con008,O-Cel-O  Nasika,Siva Prasad,o-cel-onasika@automation.gainsighttest.com
Copilot_AccAuto018,CopilotAc018Con009,O-Cel-O  Jha,Sneha,o-cel-ojha@automation.gainsighttest.com
Copilot_AccAuto018,CopilotAc018Con010,O-Cel-O  Rallapalli,Sri Vidya,o-cel-orallapalli@automation.gainsighttest.com
Copilot_AccAuto018,CopilotAc018Con011,O-Cel-O  Pulagam,Srinivas,o-cel-opulagam@automation.gainsighttest.com
Copilot_AccAuto018,CopilotAc018Con012,O-Cel-O  Padmanabhan,Sunand,o-cel-opadmanabhan@automation.gainsighttest.com
Copilot_AccAuto018,CopilotAc018Con013,O-Cel-O  Agrawal,Swatantra ,o-cel-oagrawal@automation.gainsighttest.com
Copilot_AccAuto018,CopilotAc018Con014,O-Cel-O  Parava,Swetha,o-cel-oparava@automation.gainsighttest.com
Copilot_AccAuto019,CopilotAc019Con001,Fedder  Gali,Ugesh,feddergali@automation.gainsighttest.com
Copilot_AccAuto019,CopilotAc019Con002,Fedder  Thumalapalli,Ramanjaneya Kumar ,fedderthumalapalli@automation.gainsighttest.com
Copilot_AccAuto019,CopilotAc019Con003,Fedder  Sundaresan,Vellaichamy,feddersundaresan@automation.gainsighttest.com
Copilot_AccAuto019,CopilotAc019Con004,Fedder  Gayam,Santosh Reddy,feddergayam@automation.gainsighttest.com
Copilot_AccAuto019,CopilotAc019Con005,Fedder  Pucchakayala,Raj Kiran,fedderpucchakayala@automation.gainsighttest.com
Copilot_AccAuto019,CopilotAc019Con006,Fedder  Gunasekaran,Suresh,feddergunasekaran@automation.gainsighttest.com
Copilot_AccAuto019,CopilotAc019Con007,Fedder  Pulluri,Sai Ram,fedderpulluri@automation.gainsighttest.com
Copilot_AccAuto019,CopilotAc019Con008,Fedder  Burle,Ganesh,fedderburle@automation.gainsighttest.com
Copilot_AccAuto019,CopilotAc019Con009,Fedder  Kamsali,Bindhu Madhavi ,fedderkamsali@automation.gainsighttest.com
Copilot_AccAuto019,CopilotAc019Con010,Fedder  Kalisipudi,Ramya,fedderkalisipudi@automation.gainsighttest.com
Copilot_AccAuto019,CopilotAc019Con011,Fedder  Kumar,Sandeep Kumar,fedderkumar@automation.gainsighttest.com
