Account_ExternalId__c,FirstName,LastName,Email,Contact_Ext_NU__c,
Account Agg-21-1,Azharuddin,Khan,azharuddinkhan@gainsighttest.com,External_ID_1,
Account Agg-21-1,Ganesan,Vivek,ganesanvivek@gainsighttest.com,External_ID_2,
Account Agg-21-1,Govardhan,Kommasani,govardhankommasani@gainsighttest.com,External_ID_2,
Account Agg-21-2,Chandramani,Tiwary,chandramanitiwary@gainsighttest.com,External_ID_4,
Account Agg-21-2,Gayathri,Naik,gayathrinaik@gainsighttest.com,External_ID_5,
Account Agg-21-2,Hari babu,Vadlamudi,haribabuvadlamudi@gainsighttest.com,External_ID_5,
Account Agg-21-3,Farhatulla Mirza,Baig,farhatullamirzabaig@gainsighttest.com,External_ID_7,
Account Agg-21-3,Giri Babu,Golla,giribabugolla@gainsighttest.com,External_ID_8,
Account Agg-21-3,Jagadeesh,Siripurapu,jagadeeshsiripurapu@gainsighttest.com,External_ID_9,