Name,Email
BurdetteHalvorson,BurdetteHalvorson@Gainsight.com
RoyHarris,RoyHarris@Gainsight.com
AshlynnBechtelar,AshlynnBechtelar@Gainsight.com
KielSipes,KielSipes@Gainsight.com
DarionVolkmanPhD,DarionVolkmanPhD@Gainsight.com
AgustinaGrimes,AgustinaGrimes@Gainsight.com
JordaneDickinson,JordaneDickinson@Gainsight.com
MariettaNolan,MariettaNolan@Gainsight.com
JordaneVolkman,JordaneVolkman@Gainsight.com
CamdenStoltenberg,CamdenStoltenberg@Gainsight.com
NorwoodCollins,NorwoodCollins@Gainsight.com
AshlynnRuecker,AshlynnRuecker@Gainsight.com
IanHettinger,IanHettinger@Gainsight.com
QuinnRuecker,QuinnRuecker@Gainsight.com
KevinPowlowskiDDS,KevinPowlowskiDDS@Gainsight.com
EvanKerluke,EvanKerluke@Gainsight.com
IanAnkunding,IanAnkunding@Gainsight.com
DevanteGreen,DevanteGreen@Gainsight.com
AngelinaHauck,AngelinaHauck@Gainsight.com
KamrenMueller,KamrenMueller@Gainsight.com
PaytonHudson,PaytonHudson@Gainsight.com
OraRunte,OraRunte@Gainsight.com
KraigMoore,KraigMoore@Gainsight.com
ToreyTreutel,ToreyTreutel@Gainsight.com
JedediahGibson,JedediahGibson@Gainsight.com
JameyErdman,JameyErdman@Gainsight.com
MadieRunteIV,MadieRunteIV@Gainsight.com
MissRozellaBatz,MissRozellaBatz@Gainsight.com
DeontaeJakubowski,DeontaeJakubowski@Gainsight.com
DomenicoDach,DomenicoDach@Gainsight.com
WainoRohan,WainoRohan@Gainsight.com
NorbertBins,NorbertBins@Gainsight.com
GusPfeffer,GusPfeffer@Gainsight.com
EvanHaag,EvanHaag@Gainsight.com
EarleneStrosin,EarleneStrosin@Gainsight.com
PresleyKuphal,PresleyKuphal@Gainsight.com
NoemyZieme,NoemyZieme@Gainsight.com
JenaFeil,JenaFeil@Gainsight.com
MozelleRoberts,MozelleRoberts@Jbarasoftware.com
AngelaWehner,AngelaWehner@Jbarasoftware.com
DaynaHayes,DaynaHayes@Jbarasoftware.com
ChaimNader,ChaimNader@Jbarasoftware.com
ZionGoodwin,ZionGoodwin@Jbarasoftware.com
Dr.ReidHarber,Dr.ReidHarber@Jbarasoftware.com
JudyRice,JudyRice@Jbarasoftware.com
OnieCronin,OnieCronin@Jbarasoftware.com
LaurelMitchell,LaurelMitchell@Jbarasoftware.com
RickWalter,RickWalter@Jbarasoftware.com
MarlonAbernathy,MarlonAbernathy@Jbarasoftware.com
JacquesHomenickDVM,JacquesHomenickDVM@Jbarasoftware.com
MauricioThiel,MauricioThiel@Jbarasoftware.com
MiguelBeier,MiguelBeier@Jbarasoftware.com
CaraRunolfsson,CaraRunolfsson@Jbarasoftware.com
JennieKeebler,JennieKeebler@Jbarasoftware.com
MargueriteJerde,MargueriteJerde@Jbarasoftware.com
SavionWest,SavionWest@Jbarasoftware.com
NashSanford,NashSanford@Jbarasoftware.com
AbbigailSenger,AbbigailSenger@Jbarasoftware.com
GaetanoBernhard,GaetanoBernhard@Jbarasoftware.com
ZeldaParisian,ZeldaParisian@Jbarasoftware.com
MarleyHahn,MarleyHahn@Jbarasoftware.com
FrancisBoyer,FrancisBoyer@Jbarasoftware.com
KentonWhite,KentonWhite@Jbarasoftware.com
AdrielTurner,AdrielTurner@Jbarasoftware.com
ShirleyDenesik,ShirleyDenesik@Jbarasoftware.com
ShaynaMills,ShaynaMills@Jbarasoftware.com
MissFlossieSpencer,MissFlossieSpencer@Jbarasoftware.com
HoytKuhnJr.,HoytKuhnJr.@Jbarasoftware.com
HughTillman,HughTillman@Jbarasoftware.com
DomenicPrice,DomenicPrice@Jbarasoftware.com
DeshawnHackett,DeshawnHackett@Jbarasoftware.com
BeverlyRaynor,BeverlyRaynor@Jbarasoftware.com
LisaBarrows,LisaBarrows@Jbarasoftware.com
JaysonSchulist,JaysonSchulist@Jbarasoftware.com
ArneRodriguez,ArneRodriguez@Jbarasoftware.com
NicholausKing,NicholausKing@Jbarasoftware.com
JustineWolf,JustineWolf@Jbarasoftware.com
AddisonJones,AddisonJones@Jbarasoftware.com
AndreanneCummerata,AndreanneCummerata@Jbarasoftware.com
CaseyBreitenberg,CaseyBreitenberg@Jbarasoftware.com
JosefaFerry,JosefaFerry@Jbarasoftware.com
WalkerGutkowski,WalkerGutkowski@Jbarasoftware.com
JudahCole,JudahCole@Jbarasoftware.com
YolandaWalsh,YolandaWalsh@Jbarasoftware.com
LizzieGerlach,LizzieGerlach@Jbarasoftware.com
WilsonBergnaum,WilsonBergnaum@Jbarasoftware.com
DejuanSawayn,DejuanSawayn@Jbarasoftware.com
LisaConnelly,LisaConnelly@Jbarasoftware.com
JadynPrice,JadynPrice@Jbarasoftware.com
MaybellReilly,MaybellReilly@Jbarasoftware.com
RosalindaD'AmoreIV,RosalindaD'AmoreIV@Jbarasoftware.com
DiegoMiller,DiegoMiller@Jbarasoftware.com
VernerOndricka,VernerOndricka@Jbarasoftware.com
ClemensLang,ClemensLang@Jbarasoftware.com
ElseDavis,ElseDavis@Jbarasoftware.com
HobartRiceIII,HobartRiceIII@Jbarasoftware.com
KenyonConnelly,KenyonConnelly@gmail.com
ReynaBaileyMD,ReynaBaileyMD@gmail.com
LisetteMcLaughlin,LisetteMcLaughlin@gmail.com
HerminiaRempelIII,HerminiaRempelIII@gmail.com
KurtisAbernathySr.,KurtisAbernathySr.@gmail.com
JarrodHarberSr.,JarrodHarberSr.@gmail.com
LyricHagenes,LyricHagenes@gmail.com
CristinaGislason,CristinaGislason@gmail.com
EldoraOndrickaDVM,EldoraOndrickaDVM@gmail.com
GayleTorphy,GayleTorphy@gmail.com
TryciaFranecki,TryciaFranecki@gmail.com
RusselSchinner,RusselSchinner@gmail.com
ToyBechtelar,ToyBechtelar@gmail.com
MayeMann,MayeMann@gmail.com
DonavonNitzsche,DonavonNitzsche@gmail.com
NigelWilliamson,NigelWilliamson@gmail.com
MissBarneyKohler,MissBarneyKohler@gmail.com
ArturoRunolfsdottirDDS,ArturoRunolfsdottirDDS@gmail.com
ReggieChamplin,ReggieChamplin@gmail.com
NasirPadberg,NasirPadberg@gmail.com
CamilleSatterfield,CamilleSatterfield@gmail.com
JayceBins,JayceBins@gmail.com
AmelieRuecker,AmelieRuecker@gmail.com
ElnoraRyan,ElnoraRyan@gmail.com
OswaldBatz,OswaldBatz@gmail.com
EmmaleeGutkowskiSr.,EmmaleeGutkowskiSr.@gmail.com
FannyCormier,FannyCormier@gmail.com
AllyHamill,AllyHamill@gmail.com
AlvisO'ConnerV,AlvisO'ConnerV@gmail.com
VickyEbert,VickyEbert@gmail.com
ElbertMante,ElbertMante@gmail.com
BridgetteBrakus,BridgetteBrakus@gmail.com
BraulioCristJr.,BraulioCristJr.@gmail.com
OnieChamplin,OnieChamplin@gmail.com
JeanAltenwerth,JeanAltenwerth@gmail.com
RoscoeHand,RoscoeHand@gmail.com
LuigiSchneider,LuigiSchneider@gmail.com
ChloeHaley,ChloeHaley@gmail.com
VincentHarber,VincentHarber@gmail.com
TimmyJones,TimmyJones@gmail.com
EfrainThompson,EfrainThompson@gmail.com
LesterHickle,LesterHickle@gmail.com
LeonGorczany,LeonGorczany@gmail.com
KimSatterfield,KimSatterfield@gmail.com
JolieKozeyPhD,JolieKozeyPhD@gmail.com
MarlenFisher,MarlenFisher@gmail.com
StephanyMaggioSr.,StephanyMaggioSr.@gmail.com
RaphaelleMuller,RaphaelleMuller@yahoo.com
MathildeNienow,MathildeNienow@yahoo.com
HendersonTurcotte,HendersonTurcotte@yahoo.com
Dr.WilfridDonnelly,Dr.WilfridDonnelly@yahoo.com
DonnaJaskolski,DonnaJaskolski@yahoo.com
EverardoHand,EverardoHand@yahoo.com
BernhardDickinsonJr.,BernhardDickinsonJr.@yahoo.com
SabinaConsidine,SabinaConsidine@yahoo.com
MaritzaHettinger,MaritzaHettinger@yahoo.com
MicaelaMcCullough,MicaelaMcCullough@yahoo.com
DejahO'Hara,DejahO'Hara@yahoo.com
SalvadorBatzMD,SalvadorBatzMD@yahoo.com
GracieRoberts,GracieRoberts@yahoo.com
AngelBrown,AngelBrown@yahoo.com
RogerZiemann,RogerZiemann@yahoo.com
AngelBayer,AngelBayer@yahoo.com
PaigeBailey,PaigeBailey@yahoo.com
DonnellRempel,DonnellRempel@yahoo.com
JennyferBrakus,JennyferBrakus@yahoo.com
Dr.HymanSkiles,Dr.HymanSkiles@yahoo.com
NealGerlach,NealGerlach@yahoo.com
CurtisHettinger,CurtisHettinger@yahoo.com
AnnamaeMills,AnnamaeMills@yahoo.com
LeePouros,LeePouros@yahoo.com
MitchelOndricka,MitchelOndricka@yahoo.com
SabinaWaelchi,SabinaWaelchi@yahoo.com
DarrionEichmann,DarrionEichmann@yahoo.com
KameronKlein,KameronKlein@yahoo.com
LowellBerge,LowellBerge@yahoo.com
VictorStracke,VictorStracke@yahoo.com
Dr.AndreHomenick,Dr.AndreHomenick@yahoo.com
OdaJacobi,OdaJacobi@yahoo.com
AliKuhn,AliKuhn@yahoo.com
BrendenAnkunding,BrendenAnkunding@yahoo.com
AraKulas,AraKulas@yahoo.com
AlysonKihn,AlysonKihn@yahoo.com
MariahBogan,MariahBogan@hotmail.com
BirdieProsacco,BirdieProsacco@hotmail.com
LacyWolff,LacyWolff@hotmail.com
NellieFay,NellieFay@hotmail.com
GarthDaniel,GarthDaniel@hotmail.com
TarynVon,TarynVon@hotmail.com
DanaMurphy,DanaMurphy@hotmail.com
BeulahTreutel,BeulahTreutel@hotmail.com
AndyHamill,AndyHamill@hotmail.com
JavierBartoletti,JavierBartoletti@hotmail.com
WebsterMarvin,WebsterMarvin@hotmail.com
OthoHagenes,OthoHagenes@hotmail.com
HilmaProhaska,HilmaProhaska@hotmail.com
ReneSchultz,ReneSchultz@hotmail.com
JesseDuBuque,JesseDuBuque@hotmail.com
MarlonLeffler,MarlonLeffler@hotmail.com
CadeHegmannJr.,CadeHegmannJr.@hotmail.com
LilaSenger,LilaSenger@hotmail.com
OctaviaGreenfelder,OctaviaGreenfelder@hotmail.com
DarrickO'Connell,DarrickO'Connell@hotmail.com
LeifSchumm,LeifSchumm@hotmail.com
AlysaKling,AlysaKling@hotmail.com
BradleyBoyer,BradleyBoyer@hotmail.com
JasminBorer,JasminBorer@hotmail.com
Dr.EarnestineSchumm,Dr.EarnestineSchumm@hotmail.com
WilhelmineKunde,WilhelmineKunde@hotmail.com
QueenHills,QueenHills@hotmail.com
ColeO'Kon,ColeO'Kon@hotmail.com
JeramyGreenfelder,JeramyGreenfelder@hotmail.com
JosianeGleichner,JosianeGleichner@hotmail.com
CurtisWaelchi,CurtisWaelchi@hotmail.com
LilyanWaters,LilyanWaters@hotmail.com
IvahWiza,IvahWiza@hotmail.com
LarissaPollich,LarissaPollich@hotmail.com
KendallBeahan,KendallBeahan@hotmail.com
JannieCrist,JannieCrist@hotmail.com
RobertRoobII,RobertRoobII@hotmail.com
PaxtonGrantPhD,PaxtonGrantPhD@hotmail.com
KraigHeidenreich,KraigHeidenreich@hotmail.com
EulahCummerata,EulahCummerata@hotmail.com
JedDouglas,JedDouglas@hotmail.com
EstherBartell,EstherBartell@Gainsight.com
ParkerWalter,ParkerWalter@Gainsight.com
PabloKubV,PabloKubV@Gainsight.com
GranvilleTurnerJr.,GranvilleTurnerJr.@Gainsight.com
OpheliaCasper,OpheliaCasper@Gainsight.com
HobartLubowitz,HobartLubowitz@Gainsight.com
RettaBosco,RettaBosco@Gainsight.com
KathleenStracke,KathleenStracke@Gainsight.com
TraceRunte,TraceRunte@Gainsight.com
AronMohr,AronMohr@Gainsight.com
MarleneDuBuqueIV,MarleneDuBuqueIV@Gainsight.com
RocioWill,RocioWill@Gainsight.com
MajorWolff,MajorWolff@Gainsight.com
EileenBergeV,EileenBergeV@Gainsight.com
FosterPouros,FosterPouros@Gainsight.com
GuiseppeRitchie,GuiseppeRitchie@Gainsight.com
ArneHammes,ArneHammes@Gainsight.com
CatalinaGreen,CatalinaGreen@Gainsight.com
JefferyFeeney,JefferyFeeney@Gainsight.com
HilmaRempel,HilmaRempel@Gainsight.com
Dr.DestineeNienow,Dr.DestineeNienow@Gainsight.com
HazleHowe,HazleHowe@Gainsight.com
Dr.OrphaKuhic,Dr.OrphaKuhic@Gainsight.com
FrancesCrona,FrancesCrona@Gainsight.com
JalenHarris,JalenHarris@Gainsight.com
GeneralBorer,GeneralBorer@Gainsight.com
IsomWindler,IsomWindler@Gainsight.com
MyrticeTillman,MyrticeTillman@Gainsight.com
KaileeHegmann,KaileeHegmann@Gainsight.com
WellingtonDach,WellingtonDach@Gainsight.com
LudwigDouglas,LudwigDouglas@Gainsight.com
AshlynnGerlach,AshlynnGerlach@Gainsight.com
FreddieLedner,FreddieLedner@Gainsight.com
MyrtieBreitenberg,MyrtieBreitenberg@Gainsight.com
AntwanSkiles,AntwanSkiles@Gainsight.com
KarinaBoehm,KarinaBoehm@Gainsight.com
ReinaTremblay,ReinaTremblay@Gainsight.com
GustaveDibbert,GustaveDibbert@Gainsight.com
AlRempel,AlRempel@Jbarasoftware.com
TyrellBayer,TyrellBayer@Jbarasoftware.com
AylinSanford,AylinSanford@Jbarasoftware.com
WardConn,WardConn@Jbarasoftware.com
EdwardoSwift,EdwardoSwift@Jbarasoftware.com
ShawnaLuettgen,ShawnaLuettgen@Jbarasoftware.com
AveryMitchellIV,AveryMitchellIV@Jbarasoftware.com
JosefaRoweDDS,JosefaRoweDDS@Jbarasoftware.com
GermaineRuecker,GermaineRuecker@Jbarasoftware.com
ClemmieFahey,ClemmieFahey@Jbarasoftware.com
GennaroGleason,GennaroGleason@Jbarasoftware.com
CamillaRatkeIV,CamillaRatkeIV@Jbarasoftware.com
MasonBartoletti,MasonBartoletti@Jbarasoftware.com
SamsonVonRueden,SamsonVonRueden@Jbarasoftware.com
GwenWiegand,GwenWiegand@Jbarasoftware.com
EvelineGoodwinI,EvelineGoodwinI@Jbarasoftware.com
CharleyHermiston,CharleyHermiston@Jbarasoftware.com
AlfonsoGlover,AlfonsoGlover@Jbarasoftware.com
MarjolaineBergstromDDS,MarjolaineBergstromDDS@Jbarasoftware.com
AdriannaFrami,AdriannaFrami@Jbarasoftware.com
BethanyNienow,BethanyNienow@Jbarasoftware.com
KacieRodriguez,KacieRodriguez@Jbarasoftware.com
KittyLebsack,KittyLebsack@Jbarasoftware.com
HuldaHirthe,HuldaHirthe@Jbarasoftware.com
PollyKulas,PollyKulas@Jbarasoftware.com
MerrittVolkman,MerrittVolkman@Jbarasoftware.com
GuidoVeum,GuidoVeum@Jbarasoftware.com
StephanGleichner,StephanGleichner@Jbarasoftware.com
RodgerBecker,RodgerBecker@Jbarasoftware.com
CheyanneWehner,CheyanneWehner@Jbarasoftware.com
KadinFriesen,KadinFriesen@Jbarasoftware.com
GarnettQuitzon,GarnettQuitzon@Jbarasoftware.com
SaulWehner,SaulWehner@Jbarasoftware.com
LorenzoKilback,LorenzoKilback@Jbarasoftware.com
AllieVeum,AllieVeum@Jbarasoftware.com
SydniPredovic,SydniPredovic@Jbarasoftware.com
BettyePredovic,BettyePredovic@Jbarasoftware.com
ArnoldUpton,ArnoldUpton@Jbarasoftware.com
MissBerylJewess,MissBerylJewess@Jbarasoftware.com
NoeHodkiewicz,NoeHodkiewicz@Jbarasoftware.com
AurelieConnelly,AurelieConnelly@Jbarasoftware.com
JeanCollins,JeanCollins@Jbarasoftware.com
LanceKihn,LanceKihn@Jbarasoftware.com
DejuanDicki,DejuanDicki@Jbarasoftware.com
JoanneCrona,JoanneCrona@Jbarasoftware.com
ArlieSchmitt,ArlieSchmitt@Jbarasoftware.com
YvonneNolan,YvonneNolan@Jbarasoftware.com
SkylaSchmitt,SkylaSchmitt@Jbarasoftware.com
JovanLakinPhD,JovanLakinPhD@Jbarasoftware.com
RickeySchimmel,RickeySchimmel@Jbarasoftware.com
OrphaBatzJr.,OrphaBatzJr.@Jbarasoftware.com
IsacBayer,IsacBayer@Jbarasoftware.com
ProvidenciKris,ProvidenciKris@Jbarasoftware.com
DominiqueRolfson,DominiqueRolfson@Jbarasoftware.com
WilberDickinson,WilberDickinson@Jbarasoftware.com
GayleRatke,GayleRatke@Jbarasoftware.com
CareyWilkinsonIII,CareyWilkinsonIII@Jbarasoftware.com
MelanyCormier,MelanyCormier@Jbarasoftware.com
GunnerFarrell,GunnerFarrell@gmail.com
DevontePfannerstill,DevontePfannerstill@gmail.com
NickKozey,NickKozey@gmail.com
FionaWolff,FionaWolff@gmail.com
KarolannO'Keefe,KarolannO'Keefe@gmail.com
DanBode,DanBode@gmail.com
TurnerStarkV,TurnerStarkV@gmail.com
MarleneMannJr.,MarleneMannJr.@gmail.com
WyattMosciski,WyattMosciski@gmail.com
RobbFadel,RobbFadel@gmail.com
ShermanSchinner,ShermanSchinner@gmail.com
JermeyHaley,JermeyHaley@gmail.com
ArneCummings,ArneCummings@gmail.com
ElfriedaSchmidtDVM,ElfriedaSchmidtDVM@gmail.com
DanaBahringer,DanaBahringer@gmail.com
JudsonHeller,JudsonHeller@gmail.com
MinervaOndricka,MinervaOndricka@gmail.com
AlizeDibbert,AlizeDibbert@gmail.com
DarianAbshire,DarianAbshire@gmail.com
ClintonBlock,ClintonBlock@gmail.com
DeshawnLangosh,DeshawnLangosh@gmail.com
LarryAnkunding,LarryAnkunding@gmail.com
JacintheBerge,JacintheBerge@gmail.com
OlenBalistreri,OlenBalistreri@gmail.com
WestonGerlach,WestonGerlach@gmail.com
NolaVolkman,NolaVolkman@gmail.com
EulahZiemeIV,EulahZiemeIV@gmail.com
CamylleStoltenberg,CamylleStoltenberg@gmail.com
VirgieSchmitt,VirgieSchmitt@gmail.com
AudreySchmidt,AudreySchmidt@gmail.com
EvelynPagac,EvelynPagac@gmail.com
ZanderDareSr.,ZanderDareSr.@gmail.com
BellEbertDVM,BellEbertDVM@gmail.com
KelvinKochIV,KelvinKochIV@gmail.com
RashawnGrimesDVM,RashawnGrimesDVM@gmail.com
LempiPredovic,LempiPredovic@gmail.com
LamontGulgowski,LamontGulgowski@gmail.com
CassieKrajcik,CassieKrajcik@gmail.com
JalynHaley,JalynHaley@gmail.com
MarcosBergeIII,MarcosBergeIII@gmail.com
Dr.RaymundoBergnaum,Dr.RaymundoBergnaum@gmail.com
KellieSkiles,KellieSkiles@gmail.com
Dr.DeliaCartwright,Dr.DeliaCartwright@gmail.com
UlicesArmstrong,UlicesArmstrong@gmail.com
JazminDuBuque,JazminDuBuque@gmail.com
AlysonKoeppJr.,AlysonKoeppJr.@gmail.com
MelvinKuphal,MelvinKuphal@gmail.com
DeshaunYost,DeshaunYost@yahoo.com
ArleneHomenick,ArleneHomenick@yahoo.com
JanelleCartwrightDDS,JanelleCartwrightDDS@yahoo.com
AliciaKuhn,AliciaKuhn@yahoo.com
VallieBergnaum,VallieBergnaum@yahoo.com
PabloHirthe,PabloHirthe@yahoo.com
DevynErnser,DevynErnser@yahoo.com
DellGraham,DellGraham@yahoo.com
D'angeloTreutel,D'angeloTreutel@yahoo.com
CarloOkuneva,CarloOkuneva@yahoo.com
BartonTorphy,BartonTorphy@yahoo.com
RachaelCrooks,RachaelCrooks@yahoo.com
SeanTillman,SeanTillman@yahoo.com
LuellaGleason,LuellaGleason@yahoo.com
JorgeHermistonJr.,JorgeHermistonJr.@yahoo.com
RubyePollich,RubyePollich@yahoo.com
HillaryHarvey,HillaryHarvey@yahoo.com
CordiaPadberg,CordiaPadberg@yahoo.com
MarioAbbott,MarioAbbott@yahoo.com
AmandaGoyette,AmandaGoyette@yahoo.com
SarinaKiehn,SarinaKiehn@yahoo.com
TimothyMarquardt,TimothyMarquardt@yahoo.com
HaskellKessler,HaskellKessler@yahoo.com
AdityaDouglas,AdityaDouglas@yahoo.com
LorineQuitzon,LorineQuitzon@yahoo.com
JaronBotsford,JaronBotsford@yahoo.com
RafaelaBashirian,RafaelaBashirian@yahoo.com
AdellReichert,AdellReichert@yahoo.com
JaylinTreutel,JaylinTreutel@yahoo.com
ShawnaO'Keefe,ShawnaO'Keefe@yahoo.com
OdieStanton,OdieStanton@yahoo.com
CullenBahringer,CullenBahringer@yahoo.com
KirstenSchmitt,KirstenSchmitt@yahoo.com
DarylMueller,DarylMueller@yahoo.com
LeifLakin,LeifLakin@yahoo.com
MissAbigaleSchinner,MissAbigaleSchinner@yahoo.com
ElvisSenger,ElvisSenger@hotmail.com
MissLacyEmard,MissLacyEmard@hotmail.com
ZelmaWelch,ZelmaWelch@hotmail.com
StephanRodriguez,StephanRodriguez@hotmail.com
GiovannaAbshire,GiovannaAbshire@hotmail.com
OcieKilback,OcieKilback@hotmail.com
AudreanneRosenbaum,AudreanneRosenbaum@hotmail.com
Dr.ZellaMorissette,Dr.ZellaMorissette@hotmail.com
MakennaOberbrunner,MakennaOberbrunner@hotmail.com
JeanetteBarton,JeanetteBarton@hotmail.com
GarfieldCormier,GarfieldCormier@hotmail.com
DeanRunte,DeanRunte@hotmail.com
BeaulahWeber,BeaulahWeber@hotmail.com
WendellHand,WendellHand@hotmail.com
KayleighRodriguez,KayleighRodriguez@hotmail.com
TyrellBode,TyrellBode@hotmail.com
JohnnieAufderhar,JohnnieAufderhar@hotmail.com
HerminiaSenger,HerminiaSenger@hotmail.com
JannieSchmeler,JannieSchmeler@hotmail.com
XzavierPouros,XzavierPouros@hotmail.com
ReubenNolan,ReubenNolan@hotmail.com
MabelReichertMD,MabelReichertMD@hotmail.com
AnabelStoltenberg,AnabelStoltenberg@hotmail.com
Dr.StephaniaKub,Dr.StephaniaKub@hotmail.com
DellaLabadie,DellaLabadie@hotmail.com
MarquisLang,MarquisLang@hotmail.com
MyrtieDickens,MyrtieDickens@hotmail.com
StuartLuettgen,StuartLuettgen@hotmail.com
DeannaHudsonMD,DeannaHudsonMD@hotmail.com
StefanOlson,StefanOlson@hotmail.com
MarjolaineGreenholt,MarjolaineGreenholt@hotmail.com
CareyDooley,CareyDooley@hotmail.com
MeaghanMayer,MeaghanMayer@hotmail.com
LillieBechtelar,LillieBechtelar@hotmail.com
FerminRitchie,FerminRitchie@hotmail.com
SavionAbbott,SavionAbbott@hotmail.com
KevinFranecki,KevinFranecki@hotmail.com
MissReymundoHintz,MissReymundoHintz@hotmail.com
ItzelBecker,ItzelBecker@hotmail.com
PaytonLebsack,PaytonLebsack@hotmail.com
LaurianneMills,LaurianneMills@hotmail.com
GennaroKassulke,GennaroKassulke@Gainsight.com
GarettWalker,GarettWalker@Gainsight.com
LennyWeimann,LennyWeimann@Gainsight.com
MarlinKling,MarlinKling@Gainsight.com
ArdenSchaefer,ArdenSchaefer@Gainsight.com
JuvenalHand,JuvenalHand@Gainsight.com
Dr.MarilieEmmerich,Dr.MarilieEmmerich@Gainsight.com
YoshikoThiel,YoshikoThiel@Gainsight.com
JimmyBorer,JimmyBorer@Gainsight.com
WilliePowlowski,WilliePowlowski@Gainsight.com
AlenaStrosin,AlenaStrosin@Gainsight.com
HerminiaSchuster,HerminiaSchuster@Gainsight.com
LunaJakubowski,LunaJakubowski@Gainsight.com
JayceSmith,JayceSmith@Gainsight.com
OrinBecker,OrinBecker@Gainsight.com
MagnoliaKulas,MagnoliaKulas@Gainsight.com
LonnieHane,LonnieHane@Gainsight.com
LoisKuhic,LoisKuhic@Gainsight.com
MissOswaldoKing,MissOswaldoKing@Gainsight.com
CallieSchumm,CallieSchumm@Gainsight.com
TheoEmardV,TheoEmardV@Gainsight.com
AmaraHintz,AmaraHintz@Gainsight.com
BurdetteCollins,BurdetteCollins@Gainsight.com
JacintheGreenfelder,JacintheGreenfelder@Gainsight.com
MauricioMcGlynn,MauricioMcGlynn@Gainsight.com
JazminLubowitz,JazminLubowitz@Gainsight.com
ShanyGoodwin,ShanyGoodwin@Gainsight.com
DanLang,DanLang@Gainsight.com
ErnestRuecker,ErnestRuecker@Gainsight.com
BrianneWest,BrianneWest@Gainsight.com
JeffreyEffertz,JeffreyEffertz@Gainsight.com
AricO'Connell,AricO'Connell@Gainsight.com
MonaBauch,MonaBauch@Gainsight.com
DeonteKiehn,DeonteKiehn@Gainsight.com
PrudenceHoegerIII,PrudenceHoegerIII@Gainsight.com
EmeraldRobertsI,EmeraldRobertsI@Gainsight.com
JoesphHilpert,JoesphHilpert@Gainsight.com
MissJesseRodriguez,MissJesseRodriguez@Gainsight.com
AlbinSauer,AlbinSauer@Jbarasoftware.com
NeilKub,NeilKub@Jbarasoftware.com
RaphaelleWatsica,RaphaelleWatsica@Jbarasoftware.com
BertMurphy,BertMurphy@Jbarasoftware.com
JarrettMurray,JarrettMurray@Jbarasoftware.com
AdanMurray,AdanMurray@Jbarasoftware.com
GertrudeBrown,GertrudeBrown@Jbarasoftware.com
MadonnaWitting,MadonnaWitting@Jbarasoftware.com
KassandraLehner,KassandraLehner@Jbarasoftware.com
KellenO'KeefeII,KellenO'KeefeII@Jbarasoftware.com
ChristWizaI,ChristWizaI@Jbarasoftware.com
FelixSmitham,FelixSmitham@Jbarasoftware.com
LinnieConroy,LinnieConroy@Jbarasoftware.com
TryciaJacobi,TryciaJacobi@Jbarasoftware.com
DestanyHauck,DestanyHauck@Jbarasoftware.com
MissLandenGoyette,MissLandenGoyette@Jbarasoftware.com
AlveraJacobson,AlveraJacobson@Jbarasoftware.com
TodBednar,TodBednar@Jbarasoftware.com
JoelGreenholt,JoelGreenholt@Jbarasoftware.com
VivianneParkerI,VivianneParkerI@Jbarasoftware.com
NoreneBoyer,NoreneBoyer@Jbarasoftware.com
ChristopherAuerDVM,ChristopherAuerDVM@Jbarasoftware.com
BeulahBecker,BeulahBecker@Jbarasoftware.com
JimmyPaucek,JimmyPaucek@Jbarasoftware.com
RicardoBuckridge,RicardoBuckridge@Jbarasoftware.com
JordyFrami,JordyFrami@Jbarasoftware.com
GarrickSchimmel,GarrickSchimmel@Jbarasoftware.com
TomKlocko,TomKlocko@Jbarasoftware.com
DaltonCorkery,DaltonCorkery@Jbarasoftware.com
LavadaOndricka,LavadaOndricka@Jbarasoftware.com
PerryConn,PerryConn@Jbarasoftware.com
CharlieO'Connell,CharlieO'Connell@Jbarasoftware.com
EnochBailey,EnochBailey@Jbarasoftware.com
MadgeBednarIV,MadgeBednarIV@Jbarasoftware.com
Dr.DenaBlock,Dr.DenaBlock@Jbarasoftware.com
MyriamBerge,MyriamBerge@Jbarasoftware.com
MayraSpinka,MayraSpinka@Jbarasoftware.com
ChristopSchamberger,ChristopSchamberger@Jbarasoftware.com
KaseyBecker,KaseyBecker@Jbarasoftware.com
LeeSchuppe,LeeSchuppe@Jbarasoftware.com
GeorgeRau,GeorgeRau@Jbarasoftware.com
RickyRempel,RickyRempel@Jbarasoftware.com
BellKris,BellKris@Jbarasoftware.com
JamisonKoepp,JamisonKoepp@Jbarasoftware.com
WilfredoLarkin,WilfredoLarkin@Jbarasoftware.com
RosinaYost,RosinaYost@Jbarasoftware.com
UriahKuhn,UriahKuhn@Jbarasoftware.com
EllsworthToy,EllsworthToy@Jbarasoftware.com
AftonKoepp,AftonKoepp@Jbarasoftware.com
DawnHagenes,DawnHagenes@Jbarasoftware.com
CleoraJohnsSr.,CleoraJohnsSr.@Jbarasoftware.com
NovaKuvalis,NovaKuvalis@Jbarasoftware.com
CaliVandervort,CaliVandervort@Jbarasoftware.com
TamiaHillsIII,TamiaHillsIII@Jbarasoftware.com
TinaMohr,TinaMohr@Jbarasoftware.com
GabeChamplin,GabeChamplin@Jbarasoftware.com
MisaelKrajcik,MisaelKrajcik@Jbarasoftware.com
AlexandrineRosenbaum,AlexandrineRosenbaum@Jbarasoftware.com
AlessandraRenner,AlessandraRenner@gmail.com
LauryBeer,LauryBeer@gmail.com
AlanisO'Hara,AlanisO'Hara@gmail.com
AdaFerryII,AdaFerryII@gmail.com
DomingoCormier,DomingoCormier@gmail.com
LourdesSatterfield,LourdesSatterfield@gmail.com
GeneralLueilwitz,GeneralLueilwitz@gmail.com
AbrahamThiel,AbrahamThiel@gmail.com
LysanneCruickshank,LysanneCruickshank@gmail.com
CristobalLebsack,CristobalLebsack@gmail.com
LomaHerzog,LomaHerzog@gmail.com
KieraLegros,KieraLegros@gmail.com
KaelaMcLaughlinV,KaelaMcLaughlinV@gmail.com
TillmanLehnerDVM,TillmanLehnerDVM@gmail.com
LesleyHowell,LesleyHowell@gmail.com
VinnieBlick,VinnieBlick@gmail.com
AnnieOrn,AnnieOrn@gmail.com
NoemiKreiger,NoemiKreiger@gmail.com
GaetanoDickens,GaetanoDickens@gmail.com
AmyaFranecki,AmyaFranecki@gmail.com
JohnpaulMohr,JohnpaulMohr@gmail.com
CarrieKilback,CarrieKilback@gmail.com
LoriLeuschke,LoriLeuschke@gmail.com
MilanRolfson,MilanRolfson@gmail.com
LaurynKub,LaurynKub@gmail.com
DestiniJenkins,DestiniJenkins@gmail.com
DovieMitchell,DovieMitchell@gmail.com
DeanKunde,DeanKunde@gmail.com
NettieKiehn,NettieKiehn@gmail.com
AlecSchuppe,AlecSchuppe@gmail.com
RaymundoKonopelskiDVM,RaymundoKonopelskiDVM@gmail.com
MarcosSchmeler,MarcosSchmeler@gmail.com
LupeCruickshank,LupeCruickshank@gmail.com
ChanceSwaniawski,ChanceSwaniawski@gmail.com
EverardoJohnsDVM,EverardoJohnsDVM@gmail.com
RussMoen,RussMoen@gmail.com
XavierGlover,XavierGlover@gmail.com
DorrisMetz,DorrisMetz@gmail.com
JuanaWatsica,JuanaWatsica@gmail.com
DorotheaHoeger,DorotheaHoeger@gmail.com
MagaliMcCullough,MagaliMcCullough@gmail.com
FloyBerge,FloyBerge@gmail.com
HectorWyman,HectorWyman@gmail.com
ElinorWolfSr.,ElinorWolfSr.@gmail.com
GisselleNitzsche,GisselleNitzsche@gmail.com
MyrtleDare,MyrtleDare@gmail.com
AshlyNitzsche,AshlyNitzsche@gmail.com
RodgerJewess,RodgerJewess@yahoo.com
PresleyDare,PresleyDare@yahoo.com
JeanetteDurgan,JeanetteDurgan@yahoo.com
YvonneHessel,YvonneHessel@yahoo.com
ConstanceBuckridge,ConstanceBuckridge@yahoo.com
RoyceMuller,RoyceMuller@yahoo.com
DaynaOndrickaV,DaynaOndrickaV@yahoo.com
AftonRippin,AftonRippin@yahoo.com
JayceeWitting,JayceeWitting@yahoo.com
RocioVandervortII,RocioVandervortII@yahoo.com
CharleyBrekke,CharleyBrekke@yahoo.com
AlessandroMurray,AlessandroMurray@yahoo.com
AnnabelBarton,AnnabelBarton@yahoo.com
RahsaanCole,RahsaanCole@yahoo.com
JayceeGutkowski,JayceeGutkowski@yahoo.com
EstherGerhold,EstherGerhold@yahoo.com
VadaMayert,VadaMayert@yahoo.com
WymanRunolfsdottir,WymanRunolfsdottir@yahoo.com
CadenWisozk,CadenWisozk@yahoo.com
FilibertoMcKenzie,FilibertoMcKenzie@yahoo.com
ErnestineRuecker,ErnestineRuecker@yahoo.com
NorbertoWuckert,NorbertoWuckert@yahoo.com
LinaSauer,LinaSauer@yahoo.com
RomaQuigley,RomaQuigley@yahoo.com
DaytonWindler,DaytonWindler@yahoo.com
TomasaGreen,TomasaGreen@yahoo.com
AdolphusFadel,AdolphusFadel@yahoo.com
LisaRoob,LisaRoob@yahoo.com
AdelbertRohanIII,AdelbertRohanIII@yahoo.com
GersonWymanJr.,GersonWymanJr.@yahoo.com
BlazeGoyette,BlazeGoyette@yahoo.com
JeanetteKemmer,JeanetteKemmer@yahoo.com
KaelaHalvorson,KaelaHalvorson@yahoo.com
ChadrickTremblayIII,ChadrickTremblayIII@yahoo.com
MartaPacocha,MartaPacocha@yahoo.com
DarrylTrantow,DarrylTrantow@yahoo.com
HeberKreiger,HeberKreiger@hotmail.com
ArthurChristiansen,ArthurChristiansen@hotmail.com
RichmondDietrichDDS,RichmondDietrichDDS@hotmail.com
JonatanLubowitz,JonatanLubowitz@hotmail.com
HeidiCroninMD,HeidiCroninMD@hotmail.com
AlvisRennerII,AlvisRennerII@hotmail.com
SandyPacocha,SandyPacocha@hotmail.com
CamronBrown,CamronBrown@hotmail.com
MissTorreyRaynor,MissTorreyRaynor@hotmail.com
EstevanHuel,EstevanHuel@hotmail.com
BruceHagenes,BruceHagenes@hotmail.com
IzabellaMueller,IzabellaMueller@hotmail.com
LanceGorczany,LanceGorczany@hotmail.com
BertaLebsack,BertaLebsack@hotmail.com
TamaraTorphyMD,TamaraTorphyMD@hotmail.com
EmelieMurphy,EmelieMurphy@hotmail.com
BelleFlatley,BelleFlatley@hotmail.com
RobbieSchuppe,RobbieSchuppe@hotmail.com
DawnHuelsPhD,DawnHuelsPhD@hotmail.com
HuldaSimonis,HuldaSimonis@hotmail.com
LavonHodkiewicz,LavonHodkiewicz@hotmail.com
RodolfoLegros,RodolfoLegros@hotmail.com
FernandoGottlieb,FernandoGottlieb@hotmail.com
DallasCollins,DallasCollins@hotmail.com
ArtWolffSr.,ArtWolffSr.@hotmail.com
JazmyneKemmer,JazmyneKemmer@hotmail.com
RansomCrooks,RansomCrooks@hotmail.com
HayleeSipes,HayleeSipes@hotmail.com
JessycaKoch,JessycaKoch@hotmail.com
Dr.NataliaCorkery,Dr.NataliaCorkery@hotmail.com
RickAnkunding,RickAnkunding@hotmail.com
GerhardPadbergJr.,GerhardPadbergJr.@hotmail.com
VelmaBahringer,VelmaBahringer@hotmail.com
JosianeKiehn,JosianeKiehn@hotmail.com
GayJohnson,GayJohnson@hotmail.com
ImogeneGraham,ImogeneGraham@hotmail.com
DonavonHahn,DonavonHahn@hotmail.com
KrystinaKuphal,KrystinaKuphal@hotmail.com
MalikaWard,MalikaWard@hotmail.com
CasandraO'Keefe,CasandraO'Keefe@hotmail.com
RachelleSchulist,RachelleSchulist@hotmail.com