AccountName,LastName,FirstName,Email,Contact_ExternalId__c
Gallo Ernst & Julio Winery,Gallo  Maaz,Ahmed Jamal,gallomaaz@automation.gainsighttest.com,0031a000001h0aaAAA
Gallo Ernst & Julio Winery,Gallo  Kotagiri,Akhila,gallokotagiri@automation.gainsighttest.com,0031a000001h0dMAAQ
Gallo Ernst & Julio Winery,Gallo  Jain,Ankit,gallojain@automation.gainsighttest.com,0031a000001h0dNAAQ
Gallo Ernst & Julio Winery,Gallo  Khan,Azharuddin,gallokhan@automation.gainsighttest.com,0031a000001h0dOAAQ
Gallo Ernst & Julio Winery,Gallo  Tiwary,Chandramani,gallotiwary@automation.gainsighttest.com,0031a000001h0dPAAQ
Gallo Ernst & Julio Winery,Gallo  Baig,Farhatulla Mirza,gallobaig@automation.gainsighttest.com,0031a000001h0dQAAQ
Gallo Ernst & Julio Winery,Gallo  Vivek,Ganesan,gallovivek@automation.gainsighttest.com,0031a000001h0dRAAQ
Gallo Ernst & Julio Winery,Gallo  Naik,Gayathri,gallonaik@automation.gainsighttest.com,0031a000001h0lQAAQ
Gallo Ernst & Julio Winery,Gallo  Golla,Giri Babu,gallogolla@automation.gainsighttest.com,0031a000001h0lVAAQ
Gallo Ernst & Julio Winery,Gallo  Kommasani,Govardhan,gallokommasani@automation.gainsighttest.com,0031a000001h0lWAAQ
Gallo Ernst & Julio Winery,Gallo  Vadlamudi,Hari babu,gallovadlamudi@automation.gainsighttest.com,0031a000001h0lXAAQ
Gallo Ernst & Julio Winery,Gallo  Siripurapu,Jagadeesh,gallosiripurapu@automation.gainsighttest.com,0031a000001h0lYAAQ
Gallo Ernst & Julio Winery,Gallo  Vunnam,Jaya Prakash,gallovunnam@automation.gainsighttest.com,0031a000001h0lZAAQ
Gallo Ernst & Julio Winery,Gallo  Gubbala,Kiran Kumar,gallogubbala@automation.gainsighttest.com,0031a000001h0laAAA
Gallo Ernst & Julio Winery,Gallo  Sarangam,Krishna Sekhar,gallosarangam@automation.gainsighttest.com,0031a000001h0lbAAA
Facts on File Newsletter,Facts  Kilari,Murali Krishna,factskilari@automation.gainsighttest.com,0031a000001h0lcAAA
Facts on File Newsletter,Facts  Kavali,Murthy,factskavali@automation.gainsighttest.com,0031a000001h0ldAAA
Facts on File Newsletter,Facts  Sumesh,Narayanan,factssumesh@automation.gainsighttest.com,0031a000001h0leAAA
Facts on File Newsletter,Facts  Dalal,Pawel,factsdalal@automation.gainsighttest.com,0031a000001h0lfAAA
Facts on File Newsletter,Facts  Parthiban,Periasami,factsparthiban@automation.gainsighttest.com,0031a000001h0lgAAA
Facts on File Newsletter,Facts  Saraswathi,Pradeep,factssaraswathi@automation.gainsighttest.com,0031a000001h0lhAAA
Facts on File Newsletter,Facts  Mendu,Prashanthi,factsmendu@automation.gainsighttest.com,0031a000001h0liAAA
Facts on File Newsletter,Facts  Avinash,Pulimi,factsavinash@automation.gainsighttest.com,0031a000001h0ljAAA
Facts on File Newsletter,Facts  Kuditipudi,Raja,factskuditipudi@automation.gainsighttest.com,0031a000001h0lkAAA
Facts on File Newsletter,Facts  Yaddanapalli,Rajesh,factsyaddanapalli@automation.gainsighttest.com,0031a000001h0llAAA
Facts on File Newsletter,Facts  Bankuru,Ramesh,factsbankuru@automation.gainsighttest.com,0031a000001h0lmAAA
Facts on File Newsletter,Facts  Gurram,Ranjith Kumar,factsgurram@automation.gainsighttest.com,0031a000001h0lnAAA
Facts on File Newsletter,Facts  Ravela,Renetha,factsravela@automation.gainsighttest.com,0031a000001h0loAAA
Facts on File Newsletter,Facts  Dugar,Sandeep,factsdugar@automation.gainsighttest.com,0031a000001h0lpAAA
Facts on File Newsletter,Facts  Dontharaju,Sandy,factsdontharaju@automation.gainsighttest.com,0031a000001h0lqAAA
Facts on File Newsletter,Facts  Thounajam,Santa,factsthounajam@automation.gainsighttest.com,0031a000001h0lrAAA
Facts on File Newsletter,Facts  Chikoti,Santosh,factschikoti@automation.gainsighttest.com,0031a000001h0lsAAA
Facts on File Newsletter,Facts  Gutha,Siddhartha,factsgutha@automation.gainsighttest.com,0031a000001h0ltAAA
Facts on File Newsletter,Facts  Nasika,Siva Prasad,factsnasika@automation.gainsighttest.com,0031a000001h0luAAA
Facts on File Newsletter,Facts  Jha,Sneha,factsjha@automation.gainsighttest.com,0031a000001h0lzAAA
PacDevco Inc,PacDevco  Rallapalli,Sri Vidya,pacdevcorallapalli@automation.gainsighttest.com,0031a000001h0m0AAA
PacDevco Inc,PacDevco  Pulagam,Srinivas,pacdevcopulagam@automation.gainsighttest.com,0031a000001h0m1AAA
PacDevco Inc,PacDevco  Padmanabhan,Sunand,pacdevcopadmanabhan@automation.gainsighttest.com,0031a000001h0m2AAA
PacDevco Inc,PacDevco  Agrawal,Swatantra ,pacdevcoagrawal@automation.gainsighttest.com,0031a000001h0m3AAA
PacDevco Inc,PacDevco  Parava,Swetha,pacdevcoparava@automation.gainsighttest.com,0031a000001h0m4AAA
PacDevco Inc,PacDevco  Gali,Ugesh,pacdevcogali@automation.gainsighttest.com,0031a000001h0m5AAA
PacDevco Inc,PacDevco  Thumalapalli,Ramanjaneya Kumar ,pacdevcothumalapalli@automation.gainsighttest.com,0031a000001h0m6AAA
PacDevco Inc,PacDevco  Sundaresan,Vellaichamy,pacdevcosundaresan@automation.gainsighttest.com,0031a000001h0m7AAA
PacDevco Inc,PacDevco  Gayam,Santosh Reddy,pacdevcogayam@automation.gainsighttest.com,0031a000001h0m8AAA
PacDevco Inc,PacDevco  Pucchakayala,Raj Kiran,pacdevcopucchakayala@automation.gainsighttest.com,0031a000001h0mHAAQ
PacDevco Inc,PacDevco  Gunasekaran,Suresh,pacdevcogunasekaran@automation.gainsighttest.com,0031a000001h0mJAAQ
PacDevco Inc,PacDevco  Pulluri,Sai Ram,pacdevcopulluri@automation.gainsighttest.com,0031a000001h0mKAAQ
PacDevco Inc,PacDevco  Burle,Ganesh,pacdevcoburle@automation.gainsighttest.com,0031a000001h0mLAAQ
PacDevco Inc,PacDevco  Kamsali,Bindhu Madhavi ,pacdevcokamsali@automation.gainsighttest.com,0031a000001h0mMAAQ
PacDevco Inc,PacDevco  Kalisipudi,Ramya,pacdevcokalisipudi@automation.gainsighttest.com,0031a000001h0mNAAQ
UniAmerica Inc,UniAmerica  Kumar,Sandeep Kumar,uniamericakumar@automation.gainsighttest.com,0031a000001h0mOAAQ
UniAmerica Inc,UniAmerica  Ithapu,Naveen Ithapu,uniamericaithapu@automation.gainsighttest.com,0031a000001h0mPAAQ
UniAmerica Inc,UniAmerica  Maaz,Ahmed Jamal,uniamericamaaz@automation.gainsighttest.com,0031a000001h0mQAAQ
UniAmerica Inc,UniAmerica  Kotagiri,Akhila,uniamericakotagiri@automation.gainsighttest.com,0031a000001h0mRAAQ
UniAmerica Inc,UniAmerica  Jain,Ankit,uniamericajain@automation.gainsighttest.com,0031a000001h0mSAAQ
East Coast Traders,East  Khan,Azharuddin,eastkhan@automation.gainsighttest.com,0031a000001h0mTAAQ
East Coast Traders,East  Tiwary,Chandramani,easttiwary@automation.gainsighttest.com,0031a000001h0mUAAQ
East Coast Traders,East  Baig,Farhatulla Mirza,eastbaig@automation.gainsighttest.com,0031a000001h0mVAAQ
East Coast Traders,East  Vivek,Ganesan,eastvivek@automation.gainsighttest.com,0031a000001h0mWAAQ
East Coast Traders,East  Naik,Gayathri,eastnaik@automation.gainsighttest.com,0031a000001h0mXAAQ
East Coast Traders,East  Golla,Giri Babu,eastgolla@automation.gainsighttest.com,0031a000001h0mYAAQ
East Coast Traders,East  Kommasani,Govardhan,eastkommasani@automation.gainsighttest.com,0031a000001h0mZAAQ
East Coast Traders,East  Vadlamudi,Hari babu,eastvadlamudi@automation.gainsighttest.com,0031a000001h0maAAA
East Coast Traders,East  Siripurapu,Jagadeesh,eastsiripurapu@automation.gainsighttest.com,0031a000001h0mbAAA
East Coast Traders,East  Vunnam,Jaya Prakash,eastvunnam@automation.gainsighttest.com,0031a000001h0mcAAA
East Coast Traders,East  Gubbala,Kiran Kumar,eastgubbala@automation.gainsighttest.com,0031a000001h0mdAAA
East Coast Traders,East  Sarangam,Krishna Sekhar,eastsarangam@automation.gainsighttest.com,0031a000001h0meAAA
East Coast Traders,East  Kilari,Murali Krishna,eastkilari@automation.gainsighttest.com,0031a000001h0mfAAA
East Coast Traders,East  Kavali,Murthy,eastkavali@automation.gainsighttest.com,0031a000001h0mgAAA
East Coast Traders,East  Sumesh,Narayanan,eastsumesh@automation.gainsighttest.com,0031a000001h0mhAAA
East Coast Traders,East  Dalal,Pawel,eastdalal@automation.gainsighttest.com,0031a000001h0miAAA
East Coast Traders,East  Parthiban,Periasami,eastparthiban@automation.gainsighttest.com,0031a000001h0mjAAA
East Coast Traders,East  Saraswathi,Pradeep,eastsaraswathi@automation.gainsighttest.com,0031a000001h0mkAAA
East Coast Traders,East  Mendu,Prashanthi,eastmendu@automation.gainsighttest.com,0031a000001h0mlAAA
East Coast Traders,East  Avinash,Pulimi,eastavinash@automation.gainsighttest.com,0031a000001h0mmAAA
UBAF Arab American Bank,UBAF  Kuditipudi,Raja,ubafkuditipudi@automation.gainsighttest.com,0031a000001h0mnAAA
UBAF Arab American Bank,UBAF  Yaddanapalli,Rajesh,ubafyaddanapalli@automation.gainsighttest.com,0031a000001h0moAAA
UBAF Arab American Bank,UBAF  Bankuru,Ramesh,ubafbankuru@automation.gainsighttest.com,0031a000001h0mpAAA
UBAF Arab American Bank,UBAF  Gurram,Ranjith Kumar,ubafgurram@automation.gainsighttest.com,0031a000001h0mqAAA
UBAF Arab American Bank,UBAF  Ravela,Renetha,ubafravela@automation.gainsighttest.com,0031a000001h0mrAAA
UBAF Arab American Bank,UBAF  Dugar,Sandeep,ubafdugar@automation.gainsighttest.com,0031a000001h0msAAA
UBAF Arab American Bank,UBAF  Dontharaju,Sandy,ubafdontharaju@automation.gainsighttest.com,0031a000001h0mtAAA
UBAF Arab American Bank,UBAF  Thounajam,Santa,ubafthounajam@automation.gainsighttest.com,0031a000001h0muAAA
UBAF Arab American Bank,UBAF  Chikoti,Santosh,ubafchikoti@automation.gainsighttest.com,0031a000001h0mvAAA
UBAF Arab American Bank,UBAF  Gutha,Siddhartha,ubafgutha@automation.gainsighttest.com,0031a000001h0mwAAA
UBAF Arab American Bank,UBAF  Nasika,Siva Prasad,ubafnasika@automation.gainsighttest.com,0031a000001h0n2AAA
UBAF Arab American Bank,UBAF  Jha,Sneha,ubafjha@automation.gainsighttest.com,0031a000001h9nXAAQ
UBAF Arab American Bank,UBAF  Rallapalli,Sri Vidya,ubafrallapalli@automation.gainsighttest.com,0031a000001hA2rAAE
UBAF Arab American Bank,UBAF  Pulagam,Srinivas,ubafpulagam@automation.gainsighttest.com,0031a000001hP6kAAE
UBAF Arab American Bank,UBAF  Padmanabhan,Sunand,ubafpadmanabhan@automation.gainsighttest.com,0031a000001y6MOAAY
Veritas Software,Veritas  Agrawal,Swatantra ,veritasagrawal@automation.gainsighttest.com,0031a000001y6MPAAY
Veritas Software,Veritas  Parava,Swetha,veritasparava@automation.gainsighttest.com,0031a000001y6MQAAY
Veritas Software,Veritas  Gali,Ugesh,veritasgali@automation.gainsighttest.com,0031a000001y6MRAAY
Veritas Software,Veritas  Thumalapalli,Ramanjaneya Kumar ,veritasthumalapalli@automation.gainsighttest.com,0031a000001y6MSAAY
Veritas Software,Veritas  Sundaresan,Vellaichamy,veritassundaresan@automation.gainsighttest.com,0031a000001y6MTAAY
Veritas Software,Veritas  Gayam,Santosh Reddy,veritasgayam@automation.gainsighttest.com,0031a000001y6MUAAY
Veritas Software,Veritas  Pucchakayala,Raj Kiran,veritaspucchakayala@automation.gainsighttest.com,0031a000002kivSAAQ
Veritas Software,Veritas  Gunasekaran,Suresh,veritasgunasekaran@automation.gainsighttest.com,0031a000002kivTAAQ
Veritas Software,Veritas  Pulluri,Sai Ram,veritaspulluri@automation.gainsighttest.com,0031a000002kivUAAQ
Veritas Software,Veritas  Burle,Ganesh,veritasburle@automation.gainsighttest.com,0031a000002kivVAAQ
Veritas Software,Veritas  Kamsali,Bindhu Madhavi ,veritaskamsali@automation.gainsighttest.com,0031a000002kizdAAA
Veritas Software,Veritas  Kalisipudi,Ramya,veritaskalisipudi@automation.gainsighttest.com,0031a000002kizeAAA
Veritas Software,Veritas  Kumar,Sandeep Kumar,veritaskumar@automation.gainsighttest.com,0031a000002kizfAAA
Veritas Software,Veritas  Ithapu,Naveen Ithapu,veritasithapu@automation.gainsighttest.com,0031a000002kizgAAA
Veritas Software,Veritas  Maaz,Ahmed Jamal,veritasmaaz@automation.gainsighttest.com,0031a000002kizhAAA
Veritas Software,Veritas  Kotagiri,Akhila,veritaskotagiri@automation.gainsighttest.com,0031a000002kiziAAA
Veritas Software,Veritas  Jain,Ankit,veritasjain@automation.gainsighttest.com,0031a000002kizjAAA
Veritas Software,Veritas  Khan,Azharuddin,veritaskhan@automation.gainsighttest.com,0031a000002kizkAAA
Veritas Software,Veritas  Tiwary,Chandramani,veritastiwary@automation.gainsighttest.com,0031a000002kizlAAA
Veritas Software,Veritas  Baig,Farhatulla Mirza,veritasbaig@automation.gainsighttest.com,0031a000002kizmAAA
Quinn/Brein Inc,Quinn/Brein  Vivek,Ganesan,quinn/breinvivek@automation.gainsighttest.com,0031a000002kiznAAA
Quinn/Brein Inc,Quinn/Brein  Naik,Gayathri,quinn/breinnaik@automation.gainsighttest.com,0031a000002kizoAAA
Quinn/Brein Inc,Quinn/Brein  Golla,Giri Babu,quinn/breingolla@automation.gainsighttest.com,0031a000002kizpAAA
Quinn/Brein Inc,Quinn/Brein  Kommasani,Govardhan,quinn/breinkommasani@automation.gainsighttest.com,0031a000002kizqAAA
Quinn/Brein Inc,Quinn/Brein  Vadlamudi,Hari babu,quinn/breinvadlamudi@automation.gainsighttest.com,0031a000002kizrAAA
Nardon Mfg Company Incorporated,Nardon  Siripurapu,Jagadeesh,nardonsiripurapu@automation.gainsighttest.com,0031a000002kizsAAA
Nardon Mfg Company Incorporated,Nardon  Vunnam,Jaya Prakash,nardonvunnam@automation.gainsighttest.com,0031a000002kiztAAA
Nardon Mfg Company Incorporated,Nardon  Gubbala,Kiran Kumar,nardongubbala@automation.gainsighttest.com,0031a000002kizuAAA
Nardon Mfg Company Incorporated,Nardon  Sarangam,Krishna Sekhar,nardonsarangam@automation.gainsighttest.com,0031a000002kizvAAA
Nardon Mfg Company Incorporated,Nardon  Kilari,Murali Krishna,nardonkilari@automation.gainsighttest.com,0031a000002kizwAAA
Nardon Mfg Company Incorporated,Nardon  Kavali,Murthy,nardonkavali@automation.gainsighttest.com,0031a000002kizxAAA
Nardon Mfg Company Incorporated,Nardon  Sumesh,Narayanan,nardonsumesh@automation.gainsighttest.com,0031a000002kizyAAA
Nardon Mfg Company Incorporated,Nardon  Dalal,Pawel,nardondalal@automation.gainsighttest.com,0031a000002kizzAAA
Nardon Mfg Company Incorporated,Nardon  Parthiban,Periasami,nardonparthiban@automation.gainsighttest.com,0031a000002kj00AAA
Nardon Mfg Company Incorporated,Nardon  Saraswathi,Pradeep,nardonsaraswathi@automation.gainsighttest.com,0031a000002kj01AAA
Abberley Kooiman,Abberley  Mendu,Prashanthi,abberleymendu@automation.gainsighttest.com,0031a000002kj02AAA
Abberley Kooiman,Abberley  Avinash,Pulimi,abberleyavinash@automation.gainsighttest.com,0031a000002kj03AAA
Abberley Kooiman,Abberley  Kuditipudi,Raja,abberleykuditipudi@automation.gainsighttest.com,0031a000002kj04AAA
Abberley Kooiman,Abberley  Yaddanapalli,Rajesh,abberleyyaddanapalli@automation.gainsighttest.com,0031a000002kj05AAA
Abberley Kooiman,Abberley  Bankuru,Ramesh,abberleybankuru@automation.gainsighttest.com,0031a000002kj06AAA
Abberley Kooiman,Abberley  Gurram,Ranjith Kumar,abberleygurram@automation.gainsighttest.com,0031a000002kj07AAA
IBM Corp Data Systems Div,IBM  Ravela,Renetha,ibmravela@automation.gainsighttest.com,0031a000002kj08AAA
IBM Corp Data Systems Div,IBM  Dugar,Sandeep,ibmdugar@automation.gainsighttest.com,0031a000002kj09AAA
IBM Corp Data Systems Div,IBM  Dontharaju,Sandy,ibmdontharaju@automation.gainsighttest.com,0031a000002kj0AAAQ
IBM Corp Data Systems Div,IBM  Thounajam,Santa,ibmthounajam@automation.gainsighttest.com,0031a000002kj0BAAQ
IBM Corp Data Systems Div,IBM  Chikoti,Santosh,ibmchikoti@automation.gainsighttest.com,0031a000002kj0CAAQ
IBM Corp Data Systems Div,IBM  Gutha,Siddhartha,ibmgutha@automation.gainsighttest.com,0031a000002kj0DAAQ
IBM Corp Data Systems Div,IBM  Nasika,Siva Prasad,ibmnasika@automation.gainsighttest.com,0031a000002kj0EAAQ
IBM Corp Data Systems Div,IBM  Jha,Sneha,ibmjha@automation.gainsighttest.com,0031a000002kj0FAAQ
IBM Corp Data Systems Div,IBM  Rallapalli,Sri Vidya,ibmrallapalli@automation.gainsighttest.com,0031a000002kj0GAAQ
IBM Corp Data Systems Div,IBM  Pulagam,Srinivas,ibmpulagam@automation.gainsighttest.com,0031a000002kj0HAAQ
Via Systems,Via  Padmanabhan,Sunand,viapadmanabhan@automation.gainsighttest.com,0031a000002kj0IAAQ
Via Systems,Via  Agrawal,Swatantra ,viaagrawal@automation.gainsighttest.com,0031a000002kj0JAAQ
Via Systems,Via  Parava,Swetha,viaparava@automation.gainsighttest.com,0031a000002kj0KAAQ
Via Systems,Via  Gali,Ugesh,viagali@automation.gainsighttest.com,0031a000002kj0LAAQ
Via Systems,Via  Thumalapalli,Ramanjaneya Kumar ,viathumalapalli@automation.gainsighttest.com,0031a000002kj0MAAQ
Via Systems,Via  Sundaresan,Vellaichamy,viasundaresan@automation.gainsighttest.com,0031a000002kj0NAAQ
Via Systems,Via  Gayam,Santosh Reddy,viagayam@automation.gainsighttest.com,0031a000002kj0OAAQ
Via Systems,Via  Pucchakayala,Raj Kiran,viapucchakayala@automation.gainsighttest.com,0031a000002kj0PAAQ
Via Systems,Via  Gunasekaran,Suresh,viagunasekaran@automation.gainsighttest.com,0031a000002kj0QAAQ
Via Systems,Via  Pulluri,Sai Ram,viapulluri@automation.gainsighttest.com,0031a000002kj0RAAQ
Via Systems,Via  Burle,Ganesh,viaburle@automation.gainsighttest.com,0031a000002kj0SAAQ
Via Systems,Via  Kamsali,Bindhu Madhavi ,viakamsali@automation.gainsighttest.com,0031a000002kj0TAAQ
Via Systems,Via  Kalisipudi,Ramya,viakalisipudi@automation.gainsighttest.com,0031a000002kj0UAAQ
Via Systems,Via  Kumar,Sandeep Kumar,viakumar@automation.gainsighttest.com,0031a000002kj0VAAQ
Via Systems,Via  Ithapu,Naveen Ithapu,viaithapu@automation.gainsighttest.com,0031a000002kj0WAAQ
Via Systems,Via  Maaz,Ahmed Jamal,viamaaz@automation.gainsighttest.com,0031a000002kj0gAAA
Via Systems,Via  Kotagiri,Akhila,viakotagiri@automation.gainsighttest.com,0031a000002kj0hAAA
Via Systems,Via  Jain,Ankit,viajain@automation.gainsighttest.com,0031a000002kj0iAAA
Via Systems,Via  Khan,Azharuddin,viakhan@automation.gainsighttest.com,0031a000002kj0jAAA
Via Systems,Via  Tiwary,Chandramani,viatiwary@automation.gainsighttest.com,0031a000002kj0kAAA
Via Systems,Via  Baig,Farhatulla Mirza,viabaig@automation.gainsighttest.com,0031a000002kj0lAAA
Via Systems,Via  Vivek,Ganesan,viavivek@automation.gainsighttest.com,0031a000002kj0mAAA
Via Systems,Via  Naik,Gayathri,vianaik@automation.gainsighttest.com,0031a000002kj0nAAA
Via Systems,Via  Golla,Giri Babu,viagolla@automation.gainsighttest.com,0031a000002kj0oAAA
Via Systems,Via  Kommasani,Govardhan,viakommasani@automation.gainsighttest.com,0031a000002kj0pAAA
IBIS Systems Inc.,IBIS  Vadlamudi,Hari babu,ibisvadlamudi@automation.gainsighttest.com,0031a000002kj0qAAA
IBIS Systems Inc.,IBIS  Siripurapu,Jagadeesh,ibissiripurapu@automation.gainsighttest.com,0031a000002kj0rAAA
IBIS Systems Inc.,IBIS  Vunnam,Jaya Prakash,ibisvunnam@automation.gainsighttest.com,0031a000002kj0sAAA
IBIS Systems Inc.,IBIS  Gubbala,Kiran Kumar,ibisgubbala@automation.gainsighttest.com,0031a000002kj0tAAA
IBIS Systems Inc.,IBIS  Sarangam,Krishna Sekhar,ibissarangam@automation.gainsighttest.com,0031a000002kj0uAAA
IBIS Systems Inc.,IBIS  Kilari,Murali Krishna,ibiskilari@automation.gainsighttest.com,0031a000002kj0vAAA
IBIS Systems Inc.,IBIS  Kavali,Murthy,ibiskavali@automation.gainsighttest.com,0031a000002kj0wAAA
IBIS Systems Inc.,IBIS  Sumesh,Narayanan,ibissumesh@automation.gainsighttest.com,0031a000002kj0xAAA
IBIS Systems Inc.,IBIS  Dalal,Pawel,ibisdalal@automation.gainsighttest.com,0031a000002kj0yAAA
IBIS Systems Inc.,IBIS  Parthiban,Periasami,ibisparthiban@automation.gainsighttest.com,0031a000002kj0zAAA
IBIS Systems Inc.,IBIS  Saraswathi,Pradeep,ibissaraswathi@automation.gainsighttest.com,0031a000002kj10AAA
IBIS Systems Inc.,IBIS  Mendu,Prashanthi,ibismendu@automation.gainsighttest.com,0031a000002kj11AAA
IBIS Systems Inc.,IBIS  Avinash,Pulimi,ibisavinash@automation.gainsighttest.com,0031a000002kj12AAA
IBIS Systems Inc.,IBIS  Kuditipudi,Raja,ibiskuditipudi@automation.gainsighttest.com,0031a000002kj13AAA
IBIS Systems Inc.,IBIS  Yaddanapalli,Rajesh,ibisyaddanapalli@automation.gainsighttest.com,0031a000002kj14AAA
Galbreath Co,Galbreath  Bankuru,Ramesh,galbreathbankuru@automation.gainsighttest.com,0031a000002kj15AAA
Galbreath Co,Galbreath  Gurram,Ranjith Kumar,galbreathgurram@automation.gainsighttest.com,0031a000002kj16AAA
Galbreath Co,Galbreath  Ravela,Renetha,galbreathravela@automation.gainsighttest.com,0031a000002kj17AAA
Galbreath Co,Galbreath  Dugar,Sandeep,galbreathdugar@automation.gainsighttest.com,0031a000002kj18AAA
Galbreath Co,Galbreath  Dontharaju,Sandy,galbreathdontharaju@automation.gainsighttest.com,0031a000002kj19AAA
Galbreath Co,Galbreath  Thounajam,Santa,galbreaththounajam@automation.gainsighttest.com,0031a000002kj1AAAQ
Galbreath Co,Galbreath  Chikoti,Santosh,galbreathchikoti@automation.gainsighttest.com,0031a000002kj1BAAQ
Galbreath Co,Galbreath  Gutha,Siddhartha,galbreathgutha@automation.gainsighttest.com,0031a000002kj1CAAQ
Galbreath Co,Galbreath  Nasika,Siva Prasad,galbreathnasika@automation.gainsighttest.com,0031a000002kj1DAAQ
Galbreath Co,Galbreath  Jha,Sneha,galbreathjha@automation.gainsighttest.com,0031a000002kj1EAAQ
Galbreath Co,Galbreath  Rallapalli,Sri Vidya,galbreathrallapalli@automation.gainsighttest.com,0031a000002kj1FAAQ
Galbreath Co,Galbreath  Pulagam,Srinivas,galbreathpulagam@automation.gainsighttest.com,0031a000002kj1GAAQ
Galbreath Co,Galbreath  Padmanabhan,Sunand,galbreathpadmanabhan@automation.gainsighttest.com,0031a000002kj1HAAQ
Galbreath Co,Galbreath  Agrawal,Swatantra ,galbreathagrawal@automation.gainsighttest.com,0031a000002kj1IAAQ
Galbreath Co,Galbreath  Parava,Swetha,galbreathparava@automation.gainsighttest.com,0031a000002kj1JAAQ
Galbreath Co,Galbreath  Gali,Ugesh,galbreathgali@automation.gainsighttest.com,0031a000002kj1KAAQ
Galbreath Co,Galbreath  Thumalapalli,Ramanjaneya Kumar ,galbreaththumalapalli@automation.gainsighttest.com,0031a000002kj1LAAQ
Galbreath Co,Galbreath  Sundaresan,Vellaichamy,galbreathsundaresan@automation.gainsighttest.com,0031a000002kj1MAAQ
Galbreath Co,Galbreath  Gayam,Santosh Reddy,galbreathgayam@automation.gainsighttest.com,0031a000002kj1NAAQ
Galbreath Co,Galbreath  Pucchakayala,Raj Kiran,galbreathpucchakayala@automation.gainsighttest.com,0031a000002kj1OAAQ
Galbreath Co,Galbreath  Gunasekaran,Suresh,galbreathgunasekaran@automation.gainsighttest.com,0031a000002kj1PAAQ
Galbreath Co,Galbreath  Pulluri,Sai Ram,galbreathpulluri@automation.gainsighttest.com,0031a000002kj1QAAQ
Galbreath Co,Galbreath  Burle,Ganesh,galbreathburle@automation.gainsighttest.com,0031a000002kj1RAAQ
Galbreath Co,Galbreath  Kamsali,Bindhu Madhavi ,galbreathkamsali@automation.gainsighttest.com,0031a000002kj1SAAQ
Galbreath Co,Galbreath  Kalisipudi,Ramya,galbreathkalisipudi@automation.gainsighttest.com,0031a000002kj1TAAQ
Galbreath Co,Galbreath  Kumar,Sandeep Kumar,galbreathkumar@automation.gainsighttest.com,0031a000002kj1UAAQ
Galbreath Co,Galbreath  Ithapu,Naveen Ithapu,galbreathithapu@automation.gainsighttest.com,0031a000002kj1VAAQ
Galbreath Co,Galbreath  Maaz,Ahmed Jamal,galbreathmaaz@automation.gainsighttest.com,0031a000002kj1WAAQ
Galbreath Co,Galbreath  Kotagiri,Akhila,galbreathkotagiri@automation.gainsighttest.com,0031a000002kj1XAAQ
Galbreath Co,Galbreath  Jain,Ankit,galbreathjain@automation.gainsighttest.com,0031a000002kj1YAAQ
Back Stage Magazine,Back  Khan,Azharuddin,backkhan@automation.gainsighttest.com,0031a000002kj1ZAAQ
Back Stage Magazine,Back  Tiwary,Chandramani,backtiwary@automation.gainsighttest.com,0031a000002kj1aAAA
Back Stage Magazine,Back  Baig,Farhatulla Mirza,backbaig@automation.gainsighttest.com,0031a000002kj1bAAA
Back Stage Magazine,Back  Vivek,Ganesan,backvivek@automation.gainsighttest.com,0031a000002kj1cAAA
Cadbury Beverages Div Cadbury,Cadbury  Naik,Gayathri,cadburynaik@automation.gainsighttest.com,0031a000002kj1dAAA
Cadbury Beverages Div Cadbury,Cadbury  Golla,Giri Babu,cadburygolla@automation.gainsighttest.com,0031a000002kj1eAAA
Cadbury Beverages Div Cadbury,Cadbury  Kommasani,Govardhan,cadburykommasani@automation.gainsighttest.com,0031a000002kj1fAAA
Cadbury Beverages Div Cadbury,Cadbury  Vadlamudi,Hari babu,cadburyvadlamudi@automation.gainsighttest.com,0031a000002kj1gAAA
Cadbury Beverages Div Cadbury,Cadbury  Siripurapu,Jagadeesh,cadburysiripurapu@automation.gainsighttest.com,0031a000002kj1hAAA
Cadbury Beverages Div Cadbury,Cadbury  Vunnam,Jaya Prakash,cadburyvunnam@automation.gainsighttest.com,0031a000002kj1iAAA
Cadbury Beverages Div Cadbury,Cadbury  Gubbala,Kiran Kumar,cadburygubbala@automation.gainsighttest.com,0031a000002kj1jAAA
Lafferty RF & Co Inc,Lafferty  Sarangam,Krishna Sekhar,laffertysarangam@automation.gainsighttest.com,0031a000002kj1kAAA
Lafferty RF & Co Inc,Lafferty  Kilari,Murali Krishna,laffertykilari@automation.gainsighttest.com,0031a000002kj1lAAA
Lafferty RF & Co Inc,Lafferty  Kavali,Murthy,laffertykavali@automation.gainsighttest.com,0031a000002kj1mAAA
Lafferty RF & Co Inc,Lafferty  Sumesh,Narayanan,laffertysumesh@automation.gainsighttest.com,0031a000002kj1nAAA
Lafferty RF & Co Inc,Lafferty  Dalal,Pawel,laffertydalal@automation.gainsighttest.com,0031a000002kj1oAAA
Lafferty RF & Co Inc,Lafferty  Parthiban,Periasami,laffertyparthiban@automation.gainsighttest.com,0031a000002kj1pAAA
Lafferty RF & Co Inc,Lafferty  Saraswathi,Pradeep,laffertysaraswathi@automation.gainsighttest.com,0031a000002kj1qAAA
Lafferty RF & Co Inc,Lafferty  Mendu,Prashanthi,laffertymendu@automation.gainsighttest.com,0031a000002kj1rAAA
Lafferty RF & Co Inc,Lafferty  Avinash,Pulimi,laffertyavinash@automation.gainsighttest.com,0031a000002kj1sAAA
Lafferty RF & Co Inc,Lafferty  Kuditipudi,Raja,laffertykuditipudi@automation.gainsighttest.com,0031a000002kj1tAAA
Lafferty RF & Co Inc,Lafferty  Yaddanapalli,Rajesh,laffertyyaddanapalli@automation.gainsighttest.com,0031a000002kj1uAAA
Lafferty RF & Co Inc,Lafferty  Bankuru,Ramesh,laffertybankuru@automation.gainsighttest.com,0031a000002kj1vAAA
O-Cel-O Div General Mills Inc.,O-Cel-O  Gurram,Ranjith Kumar,o-cel-ogurram@automation.gainsighttest.com,0031a000002kj1wAAA
O-Cel-O Div General Mills Inc.,O-Cel-O  Ravela,Renetha,o-cel-oravela@automation.gainsighttest.com,0031a000002kj1xAAA
O-Cel-O Div General Mills Inc.,O-Cel-O  Dugar,Sandeep,o-cel-odugar@automation.gainsighttest.com,0031a000002kj1yAAA
O-Cel-O Div General Mills Inc.,O-Cel-O  Dontharaju,Sandy,o-cel-odontharaju@automation.gainsighttest.com,0031a000002kj1zAAA
O-Cel-O Div General Mills Inc.,O-Cel-O  Thounajam,Santa,o-cel-othounajam@automation.gainsighttest.com,0031a000002kj20AAA
O-Cel-O Div General Mills Inc.,O-Cel-O  Chikoti,Santosh,o-cel-ochikoti@automation.gainsighttest.com,0031a000002kj21AAA
O-Cel-O Div General Mills Inc.,O-Cel-O  Gutha,Siddhartha,o-cel-ogutha@automation.gainsighttest.com,0031a000002kj22AAA
O-Cel-O Div General Mills Inc.,O-Cel-O  Nasika,Siva Prasad,o-cel-onasika@automation.gainsighttest.com,0031a000002kj23AAA
O-Cel-O Div General Mills Inc.,O-Cel-O  Jha,Sneha,o-cel-ojha@automation.gainsighttest.com,0031a000002kj24AAA
O-Cel-O Div General Mills Inc.,O-Cel-O  Rallapalli,Sri Vidya,o-cel-orallapalli@automation.gainsighttest.com,0031a000002kj25AAA
O-Cel-O Div General Mills Inc.,O-Cel-O  Pulagam,Srinivas,o-cel-opulagam@automation.gainsighttest.com,0031a000002kj26AAA
O-Cel-O Div General Mills Inc.,O-Cel-O  Padmanabhan,Sunand,o-cel-opadmanabhan@automation.gainsighttest.com,0031a000002kj27AAA
O-Cel-O Div General Mills Inc.,O-Cel-O  Agrawal,Swatantra ,o-cel-oagrawal@automation.gainsighttest.com,0031a000002kj28AAA
O-Cel-O Div General Mills Inc.,O-Cel-O  Parava,Swetha,o-cel-oparava@automation.gainsighttest.com,0031a000002kj29AAA
Fedder RP Corp,Fedder  Gali,Ugesh,feddergali@automation.gainsighttest.com,0031a000002kj2AAAQ
Fedder RP Corp,Fedder  Thumalapalli,Ramanjaneya Kumar ,fedderthumalapalli@automation.gainsighttest.com,0031a000002kj2BAAQ
Fedder RP Corp,Fedder  Sundaresan,Vellaichamy,feddersundaresan@automation.gainsighttest.com,0031a000002kj2CAAQ
Fedder RP Corp,Fedder  Gayam,Santosh Reddy,feddergayam@automation.gainsighttest.com,0031a000002kj2DAAQ
Fedder RP Corp,Fedder  Pucchakayala,Raj Kiran,fedderpucchakayala@automation.gainsighttest.com,0031a000002kj2EAAQ
Fedder RP Corp,Fedder  Gunasekaran,Suresh,feddergunasekaran@automation.gainsighttest.com,0031a000002kj2FAAQ
Fedder RP Corp,Fedder  Pulluri,Sai Ram,fedderpulluri@automation.gainsighttest.com,0031a000002kj2GAAQ
Fedder RP Corp,Fedder  Burle,Ganesh,fedderburle@automation.gainsighttest.com,0031a000002kj2HAAQ
Fedder RP Corp,Fedder  Kamsali,Bindhu Madhavi ,fedderkamsali@automation.gainsighttest.com,0031a000002kj2IAAQ
Fedder RP Corp,Fedder  Kalisipudi,Ramya,fedderkalisipudi@automation.gainsighttest.com,0031a000002kj2JAAQ
Fedder RP Corp,Fedder  Kumar,Sandeep Kumar,fedderkumar@automation.gainsighttest.com,0031a000002kj2KAAQ
Ferrara Foods & Confections,Ferrara  Ithapu,Naveen Ithapu,ferraraithapu@automation.gainsighttest.com,0031a000002kj2LAAQ
Ferrara Foods & Confections,Ferrara  Maaz,Ahmed Jamal,ferraramaaz@automation.gainsighttest.com,0031a000002kj2MAAQ
Ferrara Foods & Confections,Ferrara  Kotagiri,Akhila,ferrarakotagiri@automation.gainsighttest.com,0031a000002kj2NAAQ
Ferrara Foods & Confections,Ferrara  Jain,Ankit,ferrarajain@automation.gainsighttest.com,0031a000002kj2OAAQ
Ferrara Foods & Confections,Ferrara  Khan,Azharuddin,ferrarakhan@automation.gainsighttest.com,0031a000002kj2PAAQ
Ferrara Foods & Confections,Ferrara  Tiwary,Chandramani,ferraratiwary@automation.gainsighttest.com,0031a000002kj2QAAQ
Ferrara Foods & Confections,Ferrara  Baig,Farhatulla Mirza,ferrarabaig@automation.gainsighttest.com,0031a000002kj2RAAQ
Ferrara Foods & Confections,Ferrara  Vivek,Ganesan,ferraravivek@automation.gainsighttest.com,0031a000002kj2SAAQ
Ferrara Foods & Confections,Ferrara  Naik,Gayathri,ferraranaik@automation.gainsighttest.com,0031a000002kj2TAAQ
Ferrara Foods & Confections,Ferrara  Golla,Giri Babu,ferraragolla@automation.gainsighttest.com,0031a000002kj2UAAQ
Ferrara Foods & Confections,Ferrara  Kommasani,Govardhan,ferrarakommasani@automation.gainsighttest.com,0031a000002kj2VAAQ
Ferrara Foods & Confections,Ferrara  Vadlamudi,Hari babu,ferraravadlamudi@automation.gainsighttest.com,0031a000002kj2WAAQ
Ferrara Foods & Confections,Ferrara  Siripurapu,Jagadeesh,ferrarasiripurapu@automation.gainsighttest.com,0031a000002kj2XAAQ
Ferrara Foods & Confections,Ferrara  Vunnam,Jaya Prakash,ferraravunnam@automation.gainsighttest.com,0031a000002kj2YAAQ
Ferrara Foods & Confections,Ferrara  Gubbala,Kiran Kumar,ferraragubbala@automation.gainsighttest.com,0031a000002kj2ZAAQ
Ferrara Foods & Confections,Ferrara  Sarangam,Krishna Sekhar,ferrarasarangam@automation.gainsighttest.com,0031a000002kj2aAAA
Ferrara Foods & Confections,Ferrara  Kilari,Murali Krishna,ferrarakilari@automation.gainsighttest.com,0031a000002kj2bAAA
Ferrara Foods & Confections,Ferrara  Kavali,Murthy,ferrarakavali@automation.gainsighttest.com,0031a000002kj2cAAA
Ferrara Foods & Confections,Ferrara  Sumesh,Narayanan,ferrarasumesh@automation.gainsighttest.com,0031a000002kj2dAAA
Ferrara Foods & Confections,Ferrara  Dalal,Pawel,ferraradalal@automation.gainsighttest.com,0031a000002kj2eAAA