LastName,Email,Phone,Account.Data_ExternalId__c,Contact_ExternalId__c
BenGrady,BenGrady@gainsight.com,9891000000,Cadbury Beverages Div Cadbury,BenGrady@gainsight.comCadbury Beverages Div Cadbury
BillieSpencer,BillieSpencer@gainsight.com,9891000001,Cadbury Beverages Div Cadbury,BillieSpencer@gainsight.comCadbury Beverages Div Cadbury
BrookeUpton,BrookeUpton@gainsight.com,9891000002,Cadbury Beverages Div Cadbury,BrookeUpton@gainsight.comCadbury Beverages Div Cadbury
BreanneHyatt,BreanneHyatt@gainsight.com,9891000003,Cadbury Beverages Div Cadbury,BreanneHyatt@gainsight.comCadbury Beverages Div Cadbury
BrandonConsidine,BrandonConsidine@gainsight.com,9891000004,Cadbury Beverages Div Cadbury,BrandonConsidine@gainsight.comCadbury Beverages Div Cadbury
BriceBreitenberg,BriceBreitenberg@gainsight.com,9891000005,Cadbury Beverages Div Cadbury,BriceBreitenberg@gainsight.comCadbury Beverages Div Cadbury
BarrettSwaniawski,BarrettSwaniawski@gainsight.com,9891000006,Cadbury Beverages Div Cadbury,BarrettSwaniawski@gainsight.comCadbury Beverages Div Cadbury
BernhardAbshire,BernhardAbshire@gainsight.com,9891000007,Cadbury Beverages Div Cadbury,BernhardAbshire@gainsight.comCadbury Beverages Div Cadbury
BufordO'Connell,BufordO'Connell@gainsight.com,9891000008,Cadbury Beverages Div Cadbury,BufordO'Connell@gainsight.comCadbury Beverages Div Cadbury
BonitaKirlin,BonitaKirlin@gainsight.com,9891000009,Cadbury Beverages Div Cadbury,BonitaKirlin@gainsight.comCadbury Beverages Div Cadbury
BlazeNader,BlazeNader@gainsight.com,9891000010,Cadbury Beverages Div Cadbury,BlazeNader@gainsight.comCadbury Beverages Div Cadbury
BrookRowe,BrookRowe@gainsight.com,9891000011,Cadbury Beverages Div Cadbury,BrookRowe@gainsight.comCadbury Beverages Div Cadbury
BennettWisozk,BennettWisozk@gainsight.com,9891000012,Cadbury Beverages Div Cadbury,BennettWisozk@gainsight.comCadbury Beverages Div Cadbury
BernitaO'Kon,BernitaO'Kon@gainsight.com,9891000013,Cadbury Beverages Div Cadbury,BernitaO'Kon@gainsight.comCadbury Beverages Div Cadbury
BlazeBreitenberg,BlazeBreitenberg@gainsight.com,9891000014,Cadbury Beverages Div Cadbury,BlazeBreitenberg@gainsight.comCadbury Beverages Div Cadbury
BetsyOkuneva,BetsyOkuneva@gainsight.com,9891000015,Cadbury Beverages Div Cadbury,BetsyOkuneva@gainsight.comCadbury Beverages Div Cadbury
BettieMcClure,BettieMcClure@gainsight.com,9891000016,Cadbury Beverages Div Cadbury,BettieMcClure@gainsight.comCadbury Beverages Div Cadbury
BraulioHagenesIV,BraulioHagenesIV@gainsight.com,9891000017,Cadbury Beverages Div Cadbury,BraulioHagenesIV@gainsight.comCadbury Beverages Div Cadbury
BrandiMills,BrandiMills@gainsight.com,9891000018,Cadbury Beverages Div Cadbury,BrandiMills@gainsight.comCadbury Beverages Div Cadbury
BrycenBeer,BrycenBeer@gainsight.com,9891000019,Cadbury Beverages Div Cadbury,BrycenBeer@gainsight.comCadbury Beverages Div Cadbury
BlazeNitzsche,BlazeNitzsche@gainsight.com,9891000020,Cadbury Beverages Div Cadbury,BlazeNitzsche@gainsight.comCadbury Beverages Div Cadbury
BartholomeHickle,BartholomeHickle@gainsight.com,9891000021,Cadbury Beverages Div Cadbury,BartholomeHickle@gainsight.comCadbury Beverages Div Cadbury
BridgetSauer,BridgetSauer@gainsight.com,9891000022,Cadbury Beverages Div Cadbury,BridgetSauer@gainsight.comCadbury Beverages Div Cadbury
BrianneRatke,BrianneRatke@gainsight.com,9891000023,Cadbury Beverages Div Cadbury,BrianneRatke@gainsight.comCadbury Beverages Div Cadbury
BerthaSipes,BerthaSipes@googly.com,9891000024,ICM Corp,BerthaSipes@googly.comICM Corp
BertramKutch,BertramKutch@googly.com,9891000025,ICM Corp,BertramKutch@googly.comICM Corp
BryanaFarrell,BryanaFarrell@googly.com,9891000026,ICM Corp,BryanaFarrell@googly.comICM Corp
BryanaPfeffer,BryanaPfeffer@googly.com,9891000027,ICM Corp,BryanaPfeffer@googly.comICM Corp
BeaulahKautzerSr.,BeaulahKautzerSr.@googly.com,9891000028,ICM Corp,BeaulahKautzerSr.@googly.comICM Corp
BrionnaDeckowDVM,BrionnaDeckowDVM@googly.com,9891000029,ICM Corp,BrionnaDeckowDVM@googly.comICM Corp
BarneyJenkins,BarneyJenkins@googly.com,9891000030,ICM Corp,BarneyJenkins@googly.comICM Corp
BrandyKshlerin,BrandyKshlerin@googly.com,9891000031,ICM Corp,BrandyKshlerin@googly.comICM Corp
BrendaRobelDVM,BrendaRobelDVM@googly.com,9891000032,ICM Corp,BrendaRobelDVM@googly.comICM Corp
BrockKub,BrockKub@googly.com,9891000033,ICM Corp,BrockKub@googly.comICM Corp
BobbieMills,BobbieMills@googly.com,9891000034,ICM Corp,BobbieMills@googly.comICM Corp
BaileeTrompII,BaileeTrompII@googly.com,9891000035,ICM Corp,BaileeTrompII@googly.comICM Corp
BillMiller,BillMiller@googly.com,9891000036,ICM Corp,BillMiller@googly.comICM Corp
BettyeTurner,BettyeTurner@googly.com,9891000037,ICM Corp,BettyeTurner@googly.comICM Corp
BlaiseWhite,BlaiseWhite@googly.com,9891000038,ICM Corp,BlaiseWhite@googly.comICM Corp
BellaHamill,BellaHamill@googly.com,9891000039,ICM Corp,BellaHamill@googly.comICM Corp
BeauBogan,BeauBogan@googly.com,9891000040,ICM Corp,BeauBogan@googly.comICM Corp
BraulioLesch,BraulioLesch@googly.com,9891000041,ICM Corp,BraulioLesch@googly.comICM Corp
BrandyMayert,BrandyMayert@googly.com,9891000042,ICM Corp,BrandyMayert@googly.comICM Corp
BellHeaney,BellHeaney@googly.com,9891000043,ICM Corp,BellHeaney@googly.comICM Corp
BartConn,BartConn@googly.com,9891000044,ICM Corp,BartConn@googly.comICM Corp
BobbyDach,BobbyDach@googly.com,9891000045,ICM Corp,BobbyDach@googly.comICM Corp
BradenRenner,BradenRenner@googly.com,9891000046,ICM Corp,BradenRenner@googly.comICM Corp
BrandyKerluke,BrandyKerluke@googly.com,9891000047,ICM Corp,BrandyKerluke@googly.comICM Corp
BartholomeLehner,BartholomeLehner@googly.com,9891000048,ICM Corp,BartholomeLehner@googly.comICM Corp
BelleGutkowski,BelleGutkowski@googly.com,9891000049,ICM Corp,BelleGutkowski@googly.comICM Corp
