"Id","AccountId","Contact_ExternalId__c","Name","LastName","FirstName","Email"
"00328000003Z6agAAC","00128000003vDQKAA2","","Geoff Minor","Minor","Geoff","info@salesforce.com"
"00328000003Z6ahAAC","00128000003vDQKAA2","","Carole White","White","Carole","info@salesforce.com"
"00328000003Z6aiAAC","00128000003vDQKAA2","","Jon Amos","Amos","Jon","info@salesforce.com"
"00328000003Z6ajAAC","00128000003vDQIAA2","","Edward Stamos","Stamos","Edward","info@salesforce.com"
"00328000003Z6akAAC","00128000003vDQIAA2","","Howard Jones","Jones","Howard","info@salesforce.com"
"00328000003Z6alAAC","00128000003vDQIAA2","","Leanne Tomlin","Tomlin","Leanne","info@salesforce.com"
"00328000003Z6amAAC","00128000003vDQJAA2","","Marc Benioff","Benioff","Marc","info@salesforce.com"
"003280000057JA7AAM","00128000004IjUPAA0","0031a000001h0aaAAA","Ahmed Jamal Gallo  Maaz","Gallo  Maaz","Ahmed Jamal","gallomaaz@gainsighttest.com"
"003280000057JA8AAM","00128000004IjUPAA0","0031a000001h0dMAAQ","Akhila Gallo  Kotagiri","Gallo  Kotagiri","Akhila","gallokotagiri@gainsighttest.com"
"003280000057JA9AAM","00128000004IjUPAA0","0031a000001h0dNAAQ","Ankit Gallo  Jain","Gallo  Jain","Ankit","gallojain@gainsighttest.com"
"003280000057JAAAA2","00128000004IjUPAA0","0031a000001h0dOAAQ","Azharuddin Gallo  Khan","Gallo  Khan","Azharuddin","gallokhan@gainsighttest.com"
"003280000057JABAA2","00128000004IjUPAA0","0031a000001h0dPAAQ","Chandramani Gallo  Tiwary","Gallo  Tiwary","Chandramani","gallotiwary@gainsighttest.com"
"003280000057JACAA2","00128000004IjUPAA0","0031a000001h0dQAAQ","Farhatulla Mirza Gallo  Baig","Gallo  Baig","Farhatulla Mirza","gallobaig@gainsighttest.com"
"003280000057JADAA2","00128000004IjUPAA0","0031a000001h0dRAAQ","Ganesan Gallo  Vivek","Gallo  Vivek","Ganesan","gallovivek@gainsighttest.com"
"003280000057JAEAA2","00128000004IjUPAA0","0031a000001h0lQAAQ","Gayathri Gallo  Naik","Gallo  Naik","Gayathri","gallonaik@gainsighttest.com"
"003280000057JAFAA2","00128000004IjUPAA0","0031a000001h0lVAAQ","Giri Babu Gallo  Golla","Gallo  Golla","Giri Babu","gallogolla@gainsighttest.com"
"003280000057JAGAA2","00128000004IjUPAA0","0031a000001h0lWAAQ","Govardhan Gallo  Kommasani","Gallo  Kommasani","Govardhan","gallokommasani@gainsighttest.com"
"003280000057JAHAA2","00128000004IjUPAA0","0031a000001h0lXAAQ","Hari babu Gallo  Vadlamudi","Gallo  Vadlamudi","Hari babu","gallovadlamudi@gainsighttest.com"
"003280000057JAIAA2","00128000004IjUPAA0","0031a000001h0lYAAQ","Jagadeesh Gallo  Siripurapu","Gallo  Siripurapu","Jagadeesh","gallosiripurapu@gainsighttest.com"
"003280000057JAJAA2","00128000004IjUPAA0","0031a000001h0lZAAQ","Jaya Prakash Gallo  Vunnam","Gallo  Vunnam","Jaya Prakash","gallovunnam@gainsighttest.com"
"003280000057JAKAA2","00128000004IjUPAA0","0031a000001h0laAAA","Kiran Kumar Gallo  Gubbala","Gallo  Gubbala","Kiran Kumar","gallogubbala@gainsighttest.com"
"003280000057JALAA2","00128000004IjUPAA0","0031a000001h0lbAAA","Krishna Sekhar Gallo  Sarangam","Gallo  Sarangam","Krishna Sekhar","gallosarangam@gainsighttest.com"
"003280000057JAMAA2","00128000004IjUQAA0","0031a000001h0lcAAA","Murali Krishna Facts  Kilari","Facts  Kilari","Murali Krishna","factskilari@gainsighttest.com"
"003280000057JANAA2","00128000004IjUQAA0","0031a000001h0ldAAA","Murthy Facts  Kavali","Facts  Kavali","Murthy","factskavali@gainsighttest.com"
"003280000057JAOAA2","00128000004IjUQAA0","0031a000001h0leAAA","Narayanan Facts  Sumesh","Facts  Sumesh","Narayanan","factssumesh@gainsighttest.com"
"003280000057JAPAA2","00128000004IjUQAA0","0031a000001h0lfAAA","Pawel Facts  Dalal","Facts  Dalal","Pawel","factsdalal@gainsighttest.com"
"003280000057JAQAA2","00128000004IjUQAA0","0031a000001h0lgAAA","Periasami Facts  Parthiban","Facts  Parthiban","Periasami","factsparthiban@gainsighttest.com"
"003280000057JARAA2","00128000004IjUQAA0","0031a000001h0lhAAA","Pradeep Facts  Saraswathi","Facts  Saraswathi","Pradeep","factssaraswathi@gainsighttest.com"
"003280000057JASAA2","00128000004IjUQAA0","0031a000001h0liAAA","Prashanthi Facts  Mendu","Facts  Mendu","Prashanthi","factsmendu@gainsighttest.com"
"003280000057JATAA2","00128000004IjUQAA0","0031a000001h0ljAAA","Pulimi Facts  Avinash","Facts  Avinash","Pulimi","factsavinash@gainsighttest.com"
"003280000057JAUAA2","00128000004IjUQAA0","0031a000001h0lkAAA","Raja Facts  Kuditipudi","Facts  Kuditipudi","Raja","factskuditipudi@gainsighttest.com"
"003280000057JAVAA2","00128000004IjUQAA0","0031a000001h0llAAA","Rajesh Facts  Yaddanapalli","Facts  Yaddanapalli","Rajesh","factsyaddanapalli@gainsighttest.com"
"003280000057JAWAA2","00128000004IjUQAA0","0031a000001h0lmAAA","Ramesh Facts  Bankuru","Facts  Bankuru","Ramesh","factsbankuru@gainsighttest.com"
"003280000057JAXAA2","00128000004IjUQAA0","0031a000001h0lnAAA","Ranjith Kumar Facts  Gurram","Facts  Gurram","Ranjith Kumar","factsgurram@gainsighttest.com"
"003280000057JAYAA2","00128000004IjUQAA0","0031a000001h0loAAA","Renetha Facts  Ravela","Facts  Ravela","Renetha","factsravela@gainsighttest.com"
"003280000057JAZAA2","00128000004IjUQAA0","0031a000001h0lpAAA","Sandeep Facts  Dugar","Facts  Dugar","Sandeep","factsdugar@gainsighttest.com"
"003280000057JAaAAM","00128000004IjUQAA0","0031a000001h0lqAAA","Sandy Facts  Dontharaju","Facts  Dontharaju","Sandy","factsdontharaju@gainsighttest.com"
"003280000057JAbAAM","00128000004IjUQAA0","0031a000001h0lrAAA","Santa Facts  Thounajam","Facts  Thounajam","Santa","factsthounajam@gainsighttest.com"
"003280000057JAcAAM","00128000004IjUQAA0","0031a000001h0lsAAA","Santosh Facts  Chikoti","Facts  Chikoti","Santosh","factschikoti@gainsighttest.com"
"003280000057JAdAAM","00128000004IjUQAA0","0031a000001h0ltAAA","Siddhartha Facts  Gutha","Facts  Gutha","Siddhartha","factsgutha@gainsighttest.com"
"003280000057JAeAAM","00128000004IjUQAA0","0031a000001h0luAAA","Siva Prasad Facts  Nasika","Facts  Nasika","Siva Prasad","factsnasika@gainsighttest.com"
"003280000057JAfAAM","00128000004IjUQAA0","0031a000001h0lzAAA","Sneha Facts  Jha","Facts  Jha","Sneha","factsjha@gainsighttest.com"
"003280000057JAuAAM","00128000004IjURAA0","0031a000001h0mNAAQ","Ramya PacDevco  Kalisipudi","PacDevco  Kalisipudi","Ramya","pacdevcokalisipudi@gainsighttest.com"
"003280000057JAvAAM","00128000004IjUSAA0","0031a000001h0mOAAQ","Sandeep Kumar UniAmerica  Kumar","UniAmerica  Kumar","Sandeep Kumar","uniamericakumar@gainsighttest.com"
"003280000057JAwAAM","00128000004IjUSAA0","0031a000001h0mPAAQ","Naveen Ithapu UniAmerica  Ithapu","UniAmerica  Ithapu","Naveen Ithapu","uniamericaithapu@gainsighttest.com"
"003280000057JAxAAM","00128000004IjUSAA0","0031a000001h0mQAAQ","Ahmed Jamal UniAmerica  Maaz","UniAmerica  Maaz","Ahmed Jamal","uniamericamaaz@gainsighttest.com"
"003280000057JAyAAM","00128000004IjUSAA0","0031a000001h0mRAAQ","Akhila UniAmerica  Kotagiri","UniAmerica  Kotagiri","Akhila","uniamericakotagiri@gainsighttest.com"
"003280000057JAgAAM","00128000004IjURAA0","0031a000001h0m0AAA","Sri Vidya PacDevco  Rallapalli","PacDevco  Rallapalli","Sri Vidya","pacdevcorallapalli@gainsighttest.com"
"003280000057JAhAAM","00128000004IjURAA0","0031a000001h0m1AAA","Srinivas PacDevco  Pulagam","PacDevco  Pulagam","Srinivas","pacdevcopulagam@gainsighttest.com"
"003280000057JAiAAM","00128000004IjURAA0","0031a000001h0m2AAA","Sunand PacDevco  Padmanabhan","PacDevco  Padmanabhan","Sunand","pacdevcopadmanabhan@gainsighttest.com"
"003280000057JAjAAM","00128000004IjURAA0","0031a000001h0m3AAA","Swatantra PacDevco  Agrawal","PacDevco  Agrawal","Swatantra","pacdevcoagrawal@gainsighttest.com"
"003280000057JAkAAM","00128000004IjURAA0","0031a000001h0m4AAA","Swetha PacDevco  Parava","PacDevco  Parava","Swetha","pacdevcoparava@gainsighttest.com"
"003280000057JAlAAM","00128000004IjURAA0","0031a000001h0m5AAA","Ugesh PacDevco  Gali","PacDevco  Gali","Ugesh","pacdevcogali@gainsighttest.com"
"003280000057JAmAAM","00128000004IjURAA0","0031a000001h0m6AAA","Ramanjaneya Kumar PacDevco  Thumalapalli","PacDevco  Thumalapalli","Ramanjaneya Kumar","pacdevcothumalapalli@gainsighttest.com"
"003280000057JAnAAM","00128000004IjURAA0","0031a000001h0m7AAA","Vellaichamy PacDevco  Sundaresan","PacDevco  Sundaresan","Vellaichamy","pacdevcosundaresan@gainsighttest.com"
"003280000057JAoAAM","00128000004IjURAA0","0031a000001h0m8AAA","Santosh Reddy PacDevco  Gayam","PacDevco  Gayam","Santosh Reddy","pacdevcogayam@gainsighttest.com"
"003280000057JApAAM","00128000004IjURAA0","0031a000001h0mHAAQ","Raj Kiran PacDevco  Pucchakayala","PacDevco  Pucchakayala","Raj Kiran","pacdevcopucchakayala@gainsighttest.com"
"003280000057JAqAAM","00128000004IjURAA0","0031a000001h0mJAAQ","Suresh PacDevco  Gunasekaran","PacDevco  Gunasekaran","Suresh","pacdevcogunasekaran@gainsighttest.com"
"003280000057JArAAM","00128000004IjURAA0","0031a000001h0mKAAQ","Sai Ram PacDevco  Pulluri","PacDevco  Pulluri","Sai Ram","pacdevcopulluri@gainsighttest.com"
"003280000057JAsAAM","00128000004IjURAA0","0031a000001h0mLAAQ","Ganesh PacDevco  Burle","PacDevco  Burle","Ganesh","pacdevcoburle@gainsighttest.com"
"003280000057JAtAAM","00128000004IjURAA0","0031a000001h0mMAAQ","Bindhu Madhavi PacDevco  Kamsali","PacDevco  Kamsali","Bindhu Madhavi","pacdevcokamsali@gainsighttest.com"
"003280000057JAzAAM","00128000004IjUSAA0","0031a000001h0mSAAQ","Ankit UniAmerica  Jain","UniAmerica  Jain","Ankit","uniamericajain@gainsighttest.com"
"003280000057JB0AAM","00128000004IjUTAA0","0031a000001h0mTAAQ","Azharuddin East  Khan","East  Khan","Azharuddin","eastkhan@gainsighttest.com"
"003280000057JB1AAM","00128000004IjUTAA0","0031a000001h0mUAAQ","Chandramani East  Tiwary","East  Tiwary","Chandramani","easttiwary@gainsighttest.com"
"003280000057JB2AAM","00128000004IjUTAA0","0031a000001h0mVAAQ","Farhatulla Mirza East  Baig","East  Baig","Farhatulla Mirza","eastbaig@gainsighttest.com"
"003280000057JB3AAM","00128000004IjUTAA0","0031a000001h0mWAAQ","Ganesan East  Vivek","East  Vivek","Ganesan","eastvivek@gainsighttest.com"
"003280000057JB4AAM","00128000004IjUTAA0","0031a000001h0mXAAQ","Gayathri East  Naik","East  Naik","Gayathri","eastnaik@gainsighttest.com"
"003280000057JB5AAM","00128000004IjUTAA0","0031a000001h0mYAAQ","Giri Babu East  Golla","East  Golla","Giri Babu","eastgolla@gainsighttest.com"
"003280000057JB6AAM","00128000004IjUTAA0","0031a000001h0mZAAQ","Govardhan East  Kommasani","East  Kommasani","Govardhan","eastkommasani@gainsighttest.com"
"003280000057JB7AAM","00128000004IjUTAA0","0031a000001h0maAAA","Hari babu East  Vadlamudi","East  Vadlamudi","Hari babu","eastvadlamudi@gainsighttest.com"
"003280000057JB8AAM","00128000004IjUTAA0","0031a000001h0mbAAA","Jagadeesh East  Siripurapu","East  Siripurapu","Jagadeesh","eastsiripurapu@gainsighttest.com"
"003280000057JB9AAM","00128000004IjUTAA0","0031a000001h0mcAAA","Jaya Prakash East  Vunnam","East  Vunnam","Jaya Prakash","eastvunnam@gainsighttest.com"
"003280000057JBAAA2","00128000004IjUTAA0","0031a000001h0mdAAA","Kiran Kumar East  Gubbala","East  Gubbala","Kiran Kumar","eastgubbala@gainsighttest.com"
"003280000057JBBAA2","00128000004IjUTAA0","0031a000001h0meAAA","Krishna Sekhar East  Sarangam","East  Sarangam","Krishna Sekhar","eastsarangam@gainsighttest.com"
"003280000057JBCAA2","00128000004IjUTAA0","0031a000001h0mfAAA","Murali Krishna East  Kilari","East  Kilari","Murali Krishna","eastkilari@gainsighttest.com"
"003280000057JBDAA2","00128000004IjUTAA0","0031a000001h0mgAAA","Murthy East  Kavali","East  Kavali","Murthy","eastkavali@gainsighttest.com"
"003280000057JBEAA2","00128000004IjUTAA0","0031a000001h0mhAAA","Narayanan East  Sumesh","East  Sumesh","Narayanan","eastsumesh@gainsighttest.com"
"003280000057JBFAA2","00128000004IjUTAA0","0031a000001h0miAAA","Pawel East  Dalal","East  Dalal","Pawel","eastdalal@gainsighttest.com"
"003280000057JBGAA2","00128000004IjUTAA0","0031a000001h0mjAAA","Periasami East  Parthiban","East  Parthiban","Periasami","eastparthiban@gainsighttest.com"
"003280000057JBHAA2","00128000004IjUTAA0","0031a000001h0mkAAA","Pradeep East  Saraswathi","East  Saraswathi","Pradeep","eastsaraswathi@gainsighttest.com"
"003280000057JBIAA2","00128000004IjUTAA0","0031a000001h0mlAAA","Prashanthi East  Mendu","East  Mendu","Prashanthi","eastmendu@gainsighttest.com"
"003280000057JBJAA2","00128000004IjUTAA0","0031a000001h0mmAAA","Pulimi East  Avinash","East  Avinash","Pulimi","eastavinash@gainsighttest.com"
"003280000057JBKAA2","00128000004IjUUAA0","0031a000001h0mnAAA","Raja UBAF  Kuditipudi","UBAF  Kuditipudi","Raja","ubafkuditipudi@gainsighttest.com"
"003280000057JBLAA2","00128000004IjUUAA0","0031a000001h0moAAA","Rajesh UBAF  Yaddanapalli","UBAF  Yaddanapalli","Rajesh","ubafyaddanapalli@gainsighttest.com"
"003280000057JBMAA2","00128000004IjUUAA0","0031a000001h0mpAAA","Ramesh UBAF  Bankuru","UBAF  Bankuru","Ramesh","ubafbankuru@gainsighttest.com"
"003280000057JBNAA2","00128000004IjUUAA0","0031a000001h0mqAAA","Ranjith Kumar UBAF  Gurram","UBAF  Gurram","Ranjith Kumar","ubafgurram@gainsighttest.com"
"003280000057JBOAA2","00128000004IjUUAA0","0031a000001h0mrAAA","Renetha UBAF  Ravela","UBAF  Ravela","Renetha","ubafravela@gainsighttest.com"
"003280000057JBPAA2","00128000004IjUUAA0","0031a000001h0msAAA","Sandeep UBAF  Dugar","UBAF  Dugar","Sandeep","ubafdugar@gainsighttest.com"
"003280000057JBQAA2","00128000004IjUUAA0","0031a000001h0mtAAA","Sandy UBAF  Dontharaju","UBAF  Dontharaju","Sandy","ubafdontharaju@gainsighttest.com"
"003280000057JBRAA2","00128000004IjUUAA0","0031a000001h0muAAA","Santa UBAF  Thounajam","UBAF  Thounajam","Santa","ubafthounajam@gainsighttest.com"
"003280000057JBSAA2","00128000004IjUUAA0","0031a000001h0mvAAA","Santosh UBAF  Chikoti","UBAF  Chikoti","Santosh","ubafchikoti@gainsighttest.com"
"003280000057JBTAA2","00128000004IjUUAA0","0031a000001h0mwAAA","Siddhartha UBAF  Gutha","UBAF  Gutha","Siddhartha","ubafgutha@gainsighttest.com"
"003280000057JBUAA2","00128000004IjUUAA0","0031a000001h0n2AAA","Siva Prasad UBAF  Nasika","UBAF  Nasika","Siva Prasad","ubafnasika@gainsighttest.com"
"003280000057JBVAA2","00128000004IjUUAA0","0031a000001h9nXAAQ","Sneha UBAF  Jha","UBAF  Jha","Sneha","ubafjha@gainsighttest.com"
"003280000057JBWAA2","00128000004IjUUAA0","0031a000001hA2rAAE","Sri Vidya UBAF  Rallapalli","UBAF  Rallapalli","Sri Vidya","ubafrallapalli@gainsighttest.com"
"003280000057JBXAA2","00128000004IjUUAA0","0031a000001hP6kAAE","Srinivas UBAF  Pulagam","UBAF  Pulagam","Srinivas","ubafpulagam@gainsighttest.com"
"003280000057JBYAA2","00128000004IjUUAA0","0031a000001y6MOAAY","Sunand UBAF  Padmanabhan","UBAF  Padmanabhan","Sunand","ubafpadmanabhan@gainsighttest.com"
"003280000057JBZAA2","00128000004IjUVAA0","0031a000001y6MPAAY","Swatantra Veritas  Agrawal","Veritas  Agrawal","Swatantra","veritasagrawal@gainsighttest.com"
"003280000057JBaAAM","00128000004IjUVAA0","0031a000001y6MQAAY","Swetha Veritas  Parava","Veritas  Parava","Swetha","veritasparava@gainsighttest.com"
"003280000057JBbAAM","00128000004IjUVAA0","0031a000001y6MRAAY","Ugesh Veritas  Gali","Veritas  Gali","Ugesh","veritasgali@gainsighttest.com"
"003280000057JBcAAM","00128000004IjUVAA0","0031a000001y6MSAAY","Ramanjaneya Kumar Veritas  Thumalapalli","Veritas  Thumalapalli","Ramanjaneya Kumar","veritasthumalapalli@gainsighttest.com"
"003280000057JBdAAM","00128000004IjUVAA0","0031a000001y6MTAAY","Vellaichamy Veritas  Sundaresan","Veritas  Sundaresan","Vellaichamy","veritassundaresan@gainsighttest.com"
"003280000057JBeAAM","00128000004IjUVAA0","0031a000001y6MUAAY","Santosh Reddy Veritas  Gayam","Veritas  Gayam","Santosh Reddy","veritasgayam@gainsighttest.com"
"003280000057JBfAAM","00128000004IjUVAA0","0031a000002kivSAAQ","Raj Kiran Veritas  Pucchakayala","Veritas  Pucchakayala","Raj Kiran","veritaspucchakayala@gainsighttest.com"
"003280000057JBgAAM","00128000004IjUVAA0","0031a000002kivTAAQ","Suresh Veritas  Gunasekaran","Veritas  Gunasekaran","Suresh","veritasgunasekaran@gainsighttest.com"
"003280000057JBhAAM","00128000004IjUVAA0","0031a000002kivUAAQ","Sai Ram Veritas  Pulluri","Veritas  Pulluri","Sai Ram","veritaspulluri@gainsighttest.com"
"003280000057JBiAAM","00128000004IjUVAA0","0031a000002kivVAAQ","Ganesh Veritas  Burle","Veritas  Burle","Ganesh","veritasburle@gainsighttest.com"
"003280000057JBjAAM","00128000004IjUVAA0","0031a000002kizdAAA","Bindhu Madhavi Veritas  Kamsali","Veritas  Kamsali","Bindhu Madhavi","veritaskamsali@gainsighttest.com"
"003280000057JBkAAM","00128000004IjUVAA0","0031a000002kizeAAA","Ramya Veritas  Kalisipudi","Veritas  Kalisipudi","Ramya","veritaskalisipudi@gainsighttest.com"
"003280000057JBlAAM","00128000004IjUVAA0","0031a000002kizfAAA","Sandeep Kumar Veritas  Kumar","Veritas  Kumar","Sandeep Kumar","veritaskumar@gainsighttest.com"
"003280000057JBmAAM","00128000004IjUVAA0","0031a000002kizgAAA","Naveen Ithapu Veritas  Ithapu","Veritas  Ithapu","Naveen Ithapu","veritasithapu@gainsighttest.com"
"003280000057JBnAAM","00128000004IjUVAA0","0031a000002kizhAAA","Ahmed Jamal Veritas  Maaz","Veritas  Maaz","Ahmed Jamal","veritasmaaz@gainsighttest.com"
"003280000057JBoAAM","00128000004IjUVAA0","0031a000002kiziAAA","Akhila Veritas  Kotagiri","Veritas  Kotagiri","Akhila","veritaskotagiri@gainsighttest.com"
"003280000057JBpAAM","00128000004IjUVAA0","0031a000002kizjAAA","Ankit Veritas  Jain","Veritas  Jain","Ankit","veritasjain@gainsighttest.com"
"003280000057JBqAAM","00128000004IjUVAA0","0031a000002kizkAAA","Azharuddin Veritas  Khan","Veritas  Khan","Azharuddin","veritaskhan@gainsighttest.com"
"003280000057JBrAAM","00128000004IjUVAA0","0031a000002kizlAAA","Chandramani Veritas  Tiwary","Veritas  Tiwary","Chandramani","veritastiwary@gainsighttest.com"
"003280000057JBsAAM","00128000004IjUVAA0","0031a000002kizmAAA","Farhatulla Mirza Veritas  Baig","Veritas  Baig","Farhatulla Mirza","veritasbaig@gainsighttest.com"
"003280000057JBtAAM","00128000004IjUWAA0","0031a000002kiznAAA","Ganesan Quinn/Brein  Vivek","Quinn/Brein  Vivek","Ganesan","quinn/breinvivek@gainsighttest.com"
"003280000057JBuAAM","00128000004IjUWAA0","0031a000002kizoAAA","Gayathri Quinn/Brein  Naik","Quinn/Brein  Naik","Gayathri","quinn/breinnaik@gainsighttest.com"
"003280000057JBvAAM","00128000004IjUWAA0","0031a000002kizpAAA","Giri Babu Quinn/Brein  Golla","Quinn/Brein  Golla","Giri Babu","quinn/breingolla@gainsighttest.com"
"003280000057JBwAAM","00128000004IjUWAA0","0031a000002kizqAAA","Govardhan Quinn/Brein  Kommasani","Quinn/Brein  Kommasani","Govardhan","quinn/breinkommasani@gainsighttest.com"
"003280000057JBxAAM","00128000004IjUWAA0","0031a000002kizrAAA","Hari babu Quinn/Brein  Vadlamudi","Quinn/Brein  Vadlamudi","Hari babu","quinn/breinvadlamudi@gainsighttest.com"
"003280000057JByAAM","00128000004IjUXAA0","0031a000002kizsAAA","Jagadeesh Nardon  Siripurapu","Nardon  Siripurapu","Jagadeesh","nardonsiripurapu@gainsighttest.com"
"003280000057JBzAAM","00128000004IjUXAA0","0031a000002kiztAAA","Jaya Prakash Nardon  Vunnam","Nardon  Vunnam","Jaya Prakash","nardonvunnam@gainsighttest.com"
"003280000057JC0AAM","00128000004IjUXAA0","0031a000002kizuAAA","Kiran Kumar Nardon  Gubbala","Nardon  Gubbala","Kiran Kumar","nardongubbala@gainsighttest.com"
"003280000057JC1AAM","00128000004IjUXAA0","0031a000002kizvAAA","Krishna Sekhar Nardon  Sarangam","Nardon  Sarangam","Krishna Sekhar","nardonsarangam@gainsighttest.com"
"003280000057JC2AAM","00128000004IjUXAA0","0031a000002kizwAAA","Murali Krishna Nardon  Kilari","Nardon  Kilari","Murali Krishna","nardonkilari@gainsighttest.com"
"003280000057JC3AAM","00128000004IjUXAA0","0031a000002kizxAAA","Murthy Nardon  Kavali","Nardon  Kavali","Murthy","nardonkavali@gainsighttest.com"
"003280000057JC4AAM","00128000004IjUXAA0","0031a000002kizyAAA","Narayanan Nardon  Sumesh","Nardon  Sumesh","Narayanan","nardonsumesh@gainsighttest.com"
"003280000057JC5AAM","00128000004IjUXAA0","0031a000002kizzAAA","Pawel Nardon  Dalal","Nardon  Dalal","Pawel","nardondalal@gainsighttest.com"
"003280000057JC6AAM","00128000004IjUXAA0","0031a000002kj00AAA","Periasami Nardon  Parthiban","Nardon  Parthiban","Periasami","nardonparthiban@gainsighttest.com"
"003280000057JC7AAM","00128000004IjUXAA0","0031a000002kj01AAA","Pradeep Nardon  Saraswathi","Nardon  Saraswathi","Pradeep","nardonsaraswathi@gainsighttest.com"
"003280000057JC8AAM","00128000004IjUYAA0","0031a000002kj02AAA","Prashanthi Abberley  Mendu","Abberley  Mendu","Prashanthi","abberleymendu@gainsighttest.com"
"003280000057JC9AAM","00128000004IjUYAA0","0031a000002kj03AAA","Pulimi Abberley  Avinash","Abberley  Avinash","Pulimi","abberleyavinash@gainsighttest.com"
"003280000057JCAAA2","00128000004IjUYAA0","0031a000002kj04AAA","Raja Abberley  Kuditipudi","Abberley  Kuditipudi","Raja","abberleykuditipudi@gainsighttest.com"
"003280000057JCBAA2","00128000004IjUYAA0","0031a000002kj05AAA","Rajesh Abberley  Yaddanapalli","Abberley  Yaddanapalli","Rajesh","abberleyyaddanapalli@gainsighttest.com"
"003280000057JCCAA2","00128000004IjUYAA0","0031a000002kj06AAA","Ramesh Abberley  Bankuru","Abberley  Bankuru","Ramesh","abberleybankuru@gainsighttest.com"
"003280000057JCDAA2","00128000004IjUYAA0","0031a000002kj07AAA","Ranjith Kumar Abberley  Gurram","Abberley  Gurram","Ranjith Kumar","abberleygurram@gainsighttest.com"
"003280000057JCEAA2","00128000004IjUZAA0","0031a000002kj08AAA","Renetha IBM  Ravela","IBM  Ravela","Renetha","ibmravela@gainsighttest.com"
"003280000057JCFAA2","00128000004IjUZAA0","0031a000002kj09AAA","Sandeep IBM  Dugar","IBM  Dugar","Sandeep","ibmdugar@gainsighttest.com"
"003280000057JCGAA2","00128000004IjUZAA0","0031a000002kj0AAAQ","Sandy IBM  Dontharaju","IBM  Dontharaju","Sandy","ibmdontharaju@gainsighttest.com"
"003280000057JCHAA2","00128000004IjUZAA0","0031a000002kj0BAAQ","Santa IBM  Thounajam","IBM  Thounajam","Santa","ibmthounajam@gainsighttest.com"
"003280000057JCIAA2","00128000004IjUZAA0","0031a000002kj0CAAQ","Santosh IBM  Chikoti","IBM  Chikoti","Santosh","ibmchikoti@gainsighttest.com"
"003280000057JCJAA2","00128000004IjUZAA0","0031a000002kj0DAAQ","Siddhartha IBM  Gutha","IBM  Gutha","Siddhartha","ibmgutha@gainsighttest.com"
"003280000057JCKAA2","00128000004IjUZAA0","0031a000002kj0EAAQ","Siva Prasad IBM  Nasika","IBM  Nasika","Siva Prasad","ibmnasika@gainsighttest.com"
"003280000057JCLAA2","00128000004IjUZAA0","0031a000002kj0FAAQ","Sneha IBM  Jha","IBM  Jha","Sneha","ibmjha@gainsighttest.com"
"003280000057JCMAA2","00128000004IjUZAA0","0031a000002kj0GAAQ","Sri Vidya IBM  Rallapalli","IBM  Rallapalli","Sri Vidya","ibmrallapalli@gainsighttest.com"
"003280000057JCNAA2","00128000004IjUZAA0","0031a000002kj0HAAQ","Srinivas IBM  Pulagam","IBM  Pulagam","Srinivas","ibmpulagam@gainsighttest.com"
"003280000057JCOAA2","00128000004IjUaAAK","0031a000002kj0IAAQ","Sunand Via  Padmanabhan","Via  Padmanabhan","Sunand","viapadmanabhan@gainsighttest.com"
"003280000057JCPAA2","00128000004IjUaAAK","0031a000002kj0JAAQ","Swatantra Via  Agrawal","Via  Agrawal","Swatantra","viaagrawal@gainsighttest.com"
"003280000057JCQAA2","00128000004IjUaAAK","0031a000002kj0KAAQ","Swetha Via  Parava","Via  Parava","Swetha","viaparava@gainsighttest.com"
"003280000057JCRAA2","00128000004IjUaAAK","0031a000002kj0LAAQ","Ugesh Via  Gali","Via  Gali","Ugesh","viagali@gainsighttest.com"
"003280000057JCSAA2","00128000004IjUaAAK","0031a000002kj0MAAQ","Ramanjaneya Kumar Via  Thumalapalli","Via  Thumalapalli","Ramanjaneya Kumar","viathumalapalli@gainsighttest.com"
"003280000057JCTAA2","00128000004IjUaAAK","0031a000002kj0NAAQ","Vellaichamy Via  Sundaresan","Via  Sundaresan","Vellaichamy","viasundaresan@gainsighttest.com"
"003280000057JCUAA2","00128000004IjUaAAK","0031a000002kj0OAAQ","Santosh Reddy Via  Gayam","Via  Gayam","Santosh Reddy","viagayam@gainsighttest.com"
"003280000057JCVAA2","00128000004IjUaAAK","0031a000002kj0PAAQ","Raj Kiran Via  Pucchakayala","Via  Pucchakayala","Raj Kiran","viapucchakayala@gainsighttest.com"
"003280000057JCWAA2","00128000004IjUaAAK","0031a000002kj0QAAQ","Suresh Via  Gunasekaran","Via  Gunasekaran","Suresh","viagunasekaran@gainsighttest.com"
"003280000057JCXAA2","00128000004IjUaAAK","0031a000002kj0RAAQ","Sai Ram Via  Pulluri","Via  Pulluri","Sai Ram","viapulluri@gainsighttest.com"
"003280000057JCYAA2","00128000004IjUaAAK","0031a000002kj0SAAQ","Ganesh Via  Burle","Via  Burle","Ganesh","viaburle@gainsighttest.com"
"003280000057JCZAA2","00128000004IjUaAAK","0031a000002kj0TAAQ","Bindhu Madhavi Via  Kamsali","Via  Kamsali","Bindhu Madhavi","viakamsali@gainsighttest.com"
"003280000057JCaAAM","00128000004IjUaAAK","0031a000002kj0UAAQ","Ramya Via  Kalisipudi","Via  Kalisipudi","Ramya","viakalisipudi@gainsighttest.com"
"003280000057JCbAAM","00128000004IjUaAAK","0031a000002kj0VAAQ","Sandeep Kumar Via  Kumar","Via  Kumar","Sandeep Kumar","viakumar@gainsighttest.com"
"003280000057JCcAAM","00128000004IjUaAAK","0031a000002kj0WAAQ","Naveen Ithapu Via  Ithapu","Via  Ithapu","Naveen Ithapu","viaithapu@gainsighttest.com"
"003280000057JCdAAM","00128000004IjUaAAK","0031a000002kj0gAAA","Ahmed Jamal Via  Maaz","Via  Maaz","Ahmed Jamal","viamaaz@gainsighttest.com"
"003280000057JCeAAM","00128000004IjUaAAK","0031a000002kj0hAAA","Akhila Via  Kotagiri","Via  Kotagiri","Akhila","viakotagiri@gainsighttest.com"
"003280000057JCfAAM","00128000004IjUaAAK","0031a000002kj0iAAA","Ankit Via  Jain","Via  Jain","Ankit","viajain@gainsighttest.com"
"003280000057JCgAAM","00128000004IjUaAAK","0031a000002kj0jAAA","Azharuddin Via  Khan","Via  Khan","Azharuddin","viakhan@gainsighttest.com"
"003280000057JChAAM","00128000004IjUaAAK","0031a000002kj0kAAA","Chandramani Via  Tiwary","Via  Tiwary","Chandramani","viatiwary@gainsighttest.com"
"003280000057JCiAAM","00128000004IjUaAAK","0031a000002kj0lAAA","Farhatulla Mirza Via  Baig","Via  Baig","Farhatulla Mirza","viabaig@gainsighttest.com"
"003280000057JCjAAM","00128000004IjUaAAK","0031a000002kj0mAAA","Ganesan Via  Vivek","Via  Vivek","Ganesan","viavivek@gainsighttest.com"
"003280000057JCkAAM","00128000004IjUaAAK","0031a000002kj0nAAA","Gayathri Via  Naik","Via  Naik","Gayathri","vianaik@gainsighttest.com"
"003280000057JClAAM","00128000004IjUaAAK","0031a000002kj0oAAA","Giri Babu Via  Golla","Via  Golla","Giri Babu","viagolla@gainsighttest.com"
"003280000057JCmAAM","00128000004IjUaAAK","0031a000002kj0pAAA","Govardhan Via  Kommasani","Via  Kommasani","Govardhan","viakommasani@gainsighttest.com"
"003280000057JCnAAM","00128000004IjUbAAK","0031a000002kj0qAAA","Hari babu IBIS  Vadlamudi","IBIS  Vadlamudi","Hari babu","ibisvadlamudi@gainsighttest.com"
"003280000057JCoAAM","00128000004IjUbAAK","0031a000002kj0rAAA","Jagadeesh IBIS  Siripurapu","IBIS  Siripurapu","Jagadeesh","ibissiripurapu@gainsighttest.com"
"003280000057JCpAAM","00128000004IjUbAAK","0031a000002kj0sAAA","Jaya Prakash IBIS  Vunnam","IBIS  Vunnam","Jaya Prakash","ibisvunnam@gainsighttest.com"
"003280000057JCqAAM","00128000004IjUbAAK","0031a000002kj0tAAA","Kiran Kumar IBIS  Gubbala","IBIS  Gubbala","Kiran Kumar","ibisgubbala@gainsighttest.com"
"003280000057JCrAAM","00128000004IjUbAAK","0031a000002kj0uAAA","Krishna Sekhar IBIS  Sarangam","IBIS  Sarangam","Krishna Sekhar","ibissarangam@gainsighttest.com"
"003280000057JCsAAM","00128000004IjUbAAK","0031a000002kj0vAAA","Murali Krishna IBIS  Kilari","IBIS  Kilari","Murali Krishna","ibiskilari@gainsighttest.com"
"003280000057JCtAAM","00128000004IjUbAAK","0031a000002kj0wAAA","Murthy IBIS  Kavali","IBIS  Kavali","Murthy","ibiskavali@gainsighttest.com"
"003280000057JCuAAM","00128000004IjUbAAK","0031a000002kj0xAAA","Narayanan IBIS  Sumesh","IBIS  Sumesh","Narayanan","ibissumesh@gainsighttest.com"
"003280000057JCvAAM","00128000004IjUbAAK","0031a000002kj0yAAA","Pawel IBIS  Dalal","IBIS  Dalal","Pawel","ibisdalal@gainsighttest.com"
"003280000057JCwAAM","00128000004IjUbAAK","0031a000002kj0zAAA","Periasami IBIS  Parthiban","IBIS  Parthiban","Periasami","ibisparthiban@gainsighttest.com"
"003280000057JCxAAM","00128000004IjUbAAK","0031a000002kj10AAA","Pradeep IBIS  Saraswathi","IBIS  Saraswathi","Pradeep","ibissaraswathi@gainsighttest.com"
"003280000057JCyAAM","00128000004IjUbAAK","0031a000002kj11AAA","Prashanthi IBIS  Mendu","IBIS  Mendu","Prashanthi","ibismendu@gainsighttest.com"
"003280000057JCzAAM","00128000004IjUbAAK","0031a000002kj12AAA","Pulimi IBIS  Avinash","IBIS  Avinash","Pulimi","ibisavinash@gainsighttest.com"
"003280000057JD0AAM","00128000004IjUbAAK","0031a000002kj13AAA","Raja IBIS  Kuditipudi","IBIS  Kuditipudi","Raja","ibiskuditipudi@gainsighttest.com"
"003280000057JD1AAM","00128000004IjUbAAK","0031a000002kj14AAA","Rajesh IBIS  Yaddanapalli","IBIS  Yaddanapalli","Rajesh","ibisyaddanapalli@gainsighttest.com"
"003280000057JD2AAM","00128000004IjUcAAK","0031a000002kj15AAA","Ramesh Galbreath  Bankuru","Galbreath  Bankuru","Ramesh","galbreathbankuru@gainsighttest.com"
"003280000057JD3AAM","00128000004IjUcAAK","0031a000002kj16AAA","Ranjith Kumar Galbreath  Gurram","Galbreath  Gurram","Ranjith Kumar","galbreathgurram@gainsighttest.com"
"003280000057JD4AAM","00128000004IjUcAAK","0031a000002kj17AAA","Renetha Galbreath  Ravela","Galbreath  Ravela","Renetha","galbreathravela@gainsighttest.com"
"003280000057JD5AAM","00128000004IjUcAAK","0031a000002kj18AAA","Sandeep Galbreath  Dugar","Galbreath  Dugar","Sandeep","galbreathdugar@gainsighttest.com"
"003280000057JD6AAM","00128000004IjUcAAK","0031a000002kj19AAA","Sandy Galbreath  Dontharaju","Galbreath  Dontharaju","Sandy","galbreathdontharaju@gainsighttest.com"
"003280000057JD7AAM","00128000004IjUcAAK","0031a000002kj1AAAQ","Santa Galbreath  Thounajam","Galbreath  Thounajam","Santa","galbreaththounajam@gainsighttest.com"
"003280000057JD8AAM","00128000004IjUcAAK","0031a000002kj1BAAQ","Santosh Galbreath  Chikoti","Galbreath  Chikoti","Santosh","galbreathchikoti@gainsighttest.com"
"003280000057JD9AAM","00128000004IjUcAAK","0031a000002kj1CAAQ","Siddhartha Galbreath  Gutha","Galbreath  Gutha","Siddhartha","galbreathgutha@gainsighttest.com"
"003280000057JDAAA2","00128000004IjUcAAK","0031a000002kj1DAAQ","Siva Prasad Galbreath  Nasika","Galbreath  Nasika","Siva Prasad","galbreathnasika@gainsighttest.com"
"003280000057JDBAA2","00128000004IjUcAAK","0031a000002kj1EAAQ","Sneha Galbreath  Jha","Galbreath  Jha","Sneha","galbreathjha@gainsighttest.com"
"003280000057JDCAA2","00128000004IjUcAAK","0031a000002kj1FAAQ","Sri Vidya Galbreath  Rallapalli","Galbreath  Rallapalli","Sri Vidya","galbreathrallapalli@gainsighttest.com"
"003280000057JDDAA2","00128000004IjUcAAK","0031a000002kj1GAAQ","Srinivas Galbreath  Pulagam","Galbreath  Pulagam","Srinivas","galbreathpulagam@gainsighttest.com"
"003280000057JDEAA2","00128000004IjUcAAK","0031a000002kj1HAAQ","Sunand Galbreath  Padmanabhan","Galbreath  Padmanabhan","Sunand","galbreathpadmanabhan@gainsighttest.com"
"003280000057JDFAA2","00128000004IjUcAAK","0031a000002kj1IAAQ","Swatantra Galbreath  Agrawal","Galbreath  Agrawal","Swatantra","galbreathagrawal@gainsighttest.com"
"003280000057JDGAA2","00128000004IjUcAAK","0031a000002kj1JAAQ","Swetha Galbreath  Parava","Galbreath  Parava","Swetha","galbreathparava@gainsighttest.com"
"003280000057JDHAA2","00128000004IjUcAAK","0031a000002kj1KAAQ","Ugesh Galbreath  Gali","Galbreath  Gali","Ugesh","galbreathgali@gainsighttest.com"
"003280000057JDIAA2","00128000004IjUcAAK","0031a000002kj1LAAQ","Ramanjaneya Kumar Galbreath  Thumalapalli","Galbreath  Thumalapalli","Ramanjaneya Kumar","galbreaththumalapalli@gainsighttest.com"
"003280000057JDJAA2","00128000004IjUcAAK","0031a000002kj1MAAQ","Vellaichamy Galbreath  Sundaresan","Galbreath  Sundaresan","Vellaichamy","galbreathsundaresan@gainsighttest.com"
"003280000057JDKAA2","00128000004IjUcAAK","0031a000002kj1NAAQ","Santosh Reddy Galbreath  Gayam","Galbreath  Gayam","Santosh Reddy","galbreathgayam@gainsighttest.com"
"003280000057JDLAA2","00128000004IjUcAAK","0031a000002kj1OAAQ","Raj Kiran Galbreath  Pucchakayala","Galbreath  Pucchakayala","Raj Kiran","galbreathpucchakayala@gainsighttest.com"
"003280000057JDMAA2","00128000004IjUcAAK","0031a000002kj1PAAQ","Suresh Galbreath  Gunasekaran","Galbreath  Gunasekaran","Suresh","galbreathgunasekaran@gainsighttest.com"
"003280000057JDNAA2","00128000004IjUcAAK","0031a000002kj1QAAQ","Sai Ram Galbreath  Pulluri","Galbreath  Pulluri","Sai Ram","galbreathpulluri@gainsighttest.com"
"003280000057JDOAA2","00128000004IjUcAAK","0031a000002kj1RAAQ","Ganesh Galbreath  Burle","Galbreath  Burle","Ganesh","galbreathburle@gainsighttest.com"
"003280000057JDPAA2","00128000004IjUcAAK","0031a000002kj1SAAQ","Bindhu Madhavi Galbreath  Kamsali","Galbreath  Kamsali","Bindhu Madhavi","galbreathkamsali@gainsighttest.com"
"003280000057JDQAA2","00128000004IjUcAAK","0031a000002kj1TAAQ","Ramya Galbreath  Kalisipudi","Galbreath  Kalisipudi","Ramya","galbreathkalisipudi@gainsighttest.com"
"003280000057JDRAA2","00128000004IjUcAAK","0031a000002kj1UAAQ","Sandeep Kumar Galbreath  Kumar","Galbreath  Kumar","Sandeep Kumar","galbreathkumar@gainsighttest.com"
"003280000057JDSAA2","00128000004IjUcAAK","0031a000002kj1VAAQ","Naveen Ithapu Galbreath  Ithapu","Galbreath  Ithapu","Naveen Ithapu","galbreathithapu@gainsighttest.com"
"003280000057JDTAA2","00128000004IjUcAAK","0031a000002kj1WAAQ","Ahmed Jamal Galbreath  Maaz","Galbreath  Maaz","Ahmed Jamal","galbreathmaaz@gainsighttest.com"
"003280000057JDUAA2","00128000004IjUcAAK","0031a000002kj1XAAQ","Akhila Galbreath  Kotagiri","Galbreath  Kotagiri","Akhila","galbreathkotagiri@gainsighttest.com"
"003280000057JDVAA2","00128000004IjUcAAK","0031a000002kj1YAAQ","Ankit Galbreath  Jain","Galbreath  Jain","Ankit","galbreathjain@gainsighttest.com"
"003280000057JDWAA2","00128000004IjUdAAK","0031a000002kj1ZAAQ","Azharuddin Back  Khan","Back  Khan","Azharuddin","backkhan@gainsighttest.com"
"003280000057JDXAA2","00128000004IjUdAAK","0031a000002kj1aAAA","Chandramani Back  Tiwary","Back  Tiwary","Chandramani","backtiwary@gainsighttest.com"
"003280000057JDYAA2","00128000004IjUdAAK","0031a000002kj1bAAA","Farhatulla Mirza Back  Baig","Back  Baig","Farhatulla Mirza","backbaig@gainsighttest.com"
"003280000057JDZAA2","00128000004IjUdAAK","0031a000002kj1cAAA","Ganesan Back  Vivek","Back  Vivek","Ganesan","backvivek@gainsighttest.com"
"003280000057JDaAAM","00128000004IjUeAAK","0031a000002kj1dAAA","Gayathri Cadbury  Naik","Cadbury  Naik","Gayathri","cadburynaik@gainsighttest.com"
"003280000057JDbAAM","00128000004IjUeAAK","0031a000002kj1eAAA","Giri Babu Cadbury  Golla","Cadbury  Golla","Giri Babu","cadburygolla@gainsighttest.com"
"003280000057JDcAAM","00128000004IjUeAAK","0031a000002kj1fAAA","Govardhan Cadbury  Kommasani","Cadbury  Kommasani","Govardhan","cadburykommasani@gainsighttest.com"
"003280000057JDdAAM","00128000004IjUeAAK","0031a000002kj1gAAA","Hari babu Cadbury  Vadlamudi","Cadbury  Vadlamudi","Hari babu","cadburyvadlamudi@gainsighttest.com"
"003280000057JDeAAM","00128000004IjUeAAK","0031a000002kj1hAAA","Jagadeesh Cadbury  Siripurapu","Cadbury  Siripurapu","Jagadeesh","cadburysiripurapu@gainsighttest.com"
"003280000057JDfAAM","00128000004IjUeAAK","0031a000002kj1iAAA","Jaya Prakash Cadbury  Vunnam","Cadbury  Vunnam","Jaya Prakash","cadburyvunnam@gainsighttest.com"
"003280000057JDgAAM","00128000004IjUeAAK","0031a000002kj1jAAA","Kiran Kumar Cadbury  Gubbala","Cadbury  Gubbala","Kiran Kumar","cadburygubbala@gainsighttest.com"
"003280000057JDhAAM","00128000004IjUfAAK","0031a000002kj1kAAA","Krishna Sekhar Lafferty  Sarangam","Lafferty  Sarangam","Krishna Sekhar","laffertysarangam@gainsighttest.com"
"003280000057JDiAAM","00128000004IjUfAAK","0031a000002kj1lAAA","Murali Krishna Lafferty  Kilari","Lafferty  Kilari","Murali Krishna","laffertykilari@gainsighttest.com"
"003280000057JDjAAM","00128000004IjUfAAK","0031a000002kj1mAAA","Murthy Lafferty  Kavali","Lafferty  Kavali","Murthy","laffertykavali@gainsighttest.com"
"003280000057JDkAAM","00128000004IjUfAAK","0031a000002kj1nAAA","Narayanan Lafferty  Sumesh","Lafferty  Sumesh","Narayanan","laffertysumesh@gainsighttest.com"
"003280000057JDlAAM","00128000004IjUfAAK","0031a000002kj1oAAA","Pawel Lafferty  Dalal","Lafferty  Dalal","Pawel","laffertydalal@gainsighttest.com"
"003280000057JDmAAM","00128000004IjUfAAK","0031a000002kj1pAAA","Periasami Lafferty  Parthiban","Lafferty  Parthiban","Periasami","laffertyparthiban@gainsighttest.com"
"003280000057JDnAAM","00128000004IjUfAAK","0031a000002kj1qAAA","Pradeep Lafferty  Saraswathi","Lafferty  Saraswathi","Pradeep","laffertysaraswathi@gainsighttest.com"
"003280000057JDoAAM","00128000004IjUfAAK","0031a000002kj1rAAA","Prashanthi Lafferty  Mendu","Lafferty  Mendu","Prashanthi","laffertymendu@gainsighttest.com"
"003280000057JDpAAM","00128000004IjUfAAK","0031a000002kj1sAAA","Pulimi Lafferty  Avinash","Lafferty  Avinash","Pulimi","laffertyavinash@gainsighttest.com"
"003280000057JDqAAM","00128000004IjUfAAK","0031a000002kj1tAAA","Raja Lafferty  Kuditipudi","Lafferty  Kuditipudi","Raja","laffertykuditipudi@gainsighttest.com"
"003280000057JDrAAM","00128000004IjUfAAK","0031a000002kj1uAAA","Rajesh Lafferty  Yaddanapalli","Lafferty  Yaddanapalli","Rajesh","laffertyyaddanapalli@gainsighttest.com"
"003280000057JDsAAM","00128000004IjUfAAK","0031a000002kj1vAAA","Ramesh Lafferty  Bankuru","Lafferty  Bankuru","Ramesh","laffertybankuru@gainsighttest.com"
"003280000057JDtAAM","00128000004IjUgAAK","0031a000002kj1wAAA","Ranjith Kumar O-Cel-O  Gurram","O-Cel-O  Gurram","Ranjith Kumar","o-cel-ogurram@gainsighttest.com"
"003280000057JDuAAM","00128000004IjUgAAK","0031a000002kj1xAAA","Renetha O-Cel-O  Ravela","O-Cel-O  Ravela","Renetha","o-cel-oravela@gainsighttest.com"
"003280000057JDvAAM","00128000004IjUgAAK","0031a000002kj1yAAA","Sandeep O-Cel-O  Dugar","O-Cel-O  Dugar","Sandeep","o-cel-odugar@gainsighttest.com"
"003280000057JDwAAM","00128000004IjUgAAK","0031a000002kj1zAAA","Sandy O-Cel-O  Dontharaju","O-Cel-O  Dontharaju","Sandy","o-cel-odontharaju@gainsighttest.com"
"003280000057JDxAAM","00128000004IjUgAAK","0031a000002kj20AAA","Santa O-Cel-O  Thounajam","O-Cel-O  Thounajam","Santa","o-cel-othounajam@gainsighttest.com"
"003280000057JDyAAM","00128000004IjUgAAK","0031a000002kj21AAA","Santosh O-Cel-O  Chikoti","O-Cel-O  Chikoti","Santosh","o-cel-ochikoti@gainsighttest.com"
"003280000057JDzAAM","00128000004IjUgAAK","0031a000002kj22AAA","Siddhartha O-Cel-O  Gutha","O-Cel-O  Gutha","Siddhartha","o-cel-ogutha@gainsighttest.com"
"003280000057JE0AAM","00128000004IjUgAAK","0031a000002kj23AAA","Siva Prasad O-Cel-O  Nasika","O-Cel-O  Nasika","Siva Prasad","o-cel-onasika@gainsighttest.com"
"003280000057JE1AAM","00128000004IjUgAAK","0031a000002kj24AAA","Sneha O-Cel-O  Jha","O-Cel-O  Jha","Sneha","o-cel-ojha@gainsighttest.com"
"003280000057JE2AAM","00128000004IjUgAAK","0031a000002kj25AAA","Sri Vidya O-Cel-O  Rallapalli","O-Cel-O  Rallapalli","Sri Vidya","o-cel-orallapalli@gainsighttest.com"
"003280000057JE3AAM","00128000004IjUgAAK","0031a000002kj26AAA","Srinivas O-Cel-O  Pulagam","O-Cel-O  Pulagam","Srinivas","o-cel-opulagam@gainsighttest.com"
"003280000057JE4AAM","00128000004IjUgAAK","0031a000002kj27AAA","Sunand O-Cel-O  Padmanabhan","O-Cel-O  Padmanabhan","Sunand","o-cel-opadmanabhan@gainsighttest.com"
"003280000057JE5AAM","00128000004IjUgAAK","0031a000002kj28AAA","Swatantra O-Cel-O  Agrawal","O-Cel-O  Agrawal","Swatantra","o-cel-oagrawal@gainsighttest.com"
"003280000057JE6AAM","00128000004IjUgAAK","0031a000002kj29AAA","Swetha O-Cel-O  Parava","O-Cel-O  Parava","Swetha","o-cel-oparava@gainsighttest.com"
"003280000057JE7AAM","00128000004IjUhAAK","0031a000002kj2AAAQ","Ugesh Fedder  Gali","Fedder  Gali","Ugesh","feddergali@gainsighttest.com"
"003280000057JE8AAM","00128000004IjUhAAK","0031a000002kj2BAAQ","Ramanjaneya Kumar Fedder  Thumalapalli","Fedder  Thumalapalli","Ramanjaneya Kumar","fedderthumalapalli@gainsighttest.com"
"003280000057JE9AAM","00128000004IjUhAAK","0031a000002kj2CAAQ","Vellaichamy Fedder  Sundaresan","Fedder  Sundaresan","Vellaichamy","feddersundaresan@gainsighttest.com"
"003280000057JEAAA2","00128000004IjUhAAK","0031a000002kj2DAAQ","Santosh Reddy Fedder  Gayam","Fedder  Gayam","Santosh Reddy","feddergayam@gainsighttest.com"
"003280000057JEBAA2","00128000004IjUhAAK","0031a000002kj2EAAQ","Raj Kiran Fedder  Pucchakayala","Fedder  Pucchakayala","Raj Kiran","fedderpucchakayala@gainsighttest.com"
"003280000057JECAA2","00128000004IjUhAAK","0031a000002kj2FAAQ","Suresh Fedder  Gunasekaran","Fedder  Gunasekaran","Suresh","feddergunasekaran@gainsighttest.com"
"003280000057JEDAA2","00128000004IjUhAAK","0031a000002kj2GAAQ","Sai Ram Fedder  Pulluri","Fedder  Pulluri","Sai Ram","fedderpulluri@gainsighttest.com"
"003280000057JEEAA2","00128000004IjUhAAK","0031a000002kj2HAAQ","Ganesh Fedder  Burle","Fedder  Burle","Ganesh","fedderburle@gainsighttest.com"
"003280000057JEFAA2","00128000004IjUhAAK","0031a000002kj2IAAQ","Bindhu Madhavi Fedder  Kamsali","Fedder  Kamsali","Bindhu Madhavi","fedderkamsali@gainsighttest.com"
"003280000057JEGAA2","00128000004IjUhAAK","0031a000002kj2JAAQ","Ramya Fedder  Kalisipudi","Fedder  Kalisipudi","Ramya","fedderkalisipudi@gainsighttest.com"
"003280000057JEHAA2","00128000004IjUhAAK","0031a000002kj2KAAQ","Sandeep Kumar Fedder  Kumar","Fedder  Kumar","Sandeep Kumar","fedderkumar@gainsighttest.com"
"003280000057JEIAA2","00128000004IjUiAAK","0031a000002kj2LAAQ","Naveen Ithapu Ferrara  Ithapu","Ferrara  Ithapu","Naveen Ithapu","ferraraithapu@gainsighttest.com"
"003280000057JEJAA2","00128000004IjUiAAK","0031a000002kj2MAAQ","Ahmed Jamal Ferrara  Maaz","Ferrara  Maaz","Ahmed Jamal","ferraramaaz@gainsighttest.com"
"003280000057JEKAA2","00128000004IjUiAAK","0031a000002kj2NAAQ","Akhila Ferrara  Kotagiri","Ferrara  Kotagiri","Akhila","ferrarakotagiri@gainsighttest.com"
"003280000057JELAA2","00128000004IjUiAAK","0031a000002kj2OAAQ","Ankit Ferrara  Jain","Ferrara  Jain","Ankit","ferrarajain@gainsighttest.com"
"003280000057JEMAA2","00128000004IjUiAAK","0031a000002kj2PAAQ","Azharuddin Ferrara  Khan","Ferrara  Khan","Azharuddin","ferrarakhan@gainsighttest.com"
"003280000057JENAA2","00128000004IjUiAAK","0031a000002kj2QAAQ","Chandramani Ferrara  Tiwary","Ferrara  Tiwary","Chandramani","ferraratiwary@gainsighttest.com"
"003280000057JEOAA2","00128000004IjUiAAK","0031a000002kj2RAAQ","Farhatulla Mirza Ferrara  Baig","Ferrara  Baig","Farhatulla Mirza","ferrarabaig@gainsighttest.com"
"003280000057JEPAA2","00128000004IjUiAAK","0031a000002kj2SAAQ","Ganesan Ferrara  Vivek","Ferrara  Vivek","Ganesan","ferraravivek@gainsighttest.com"
"003280000057JEQAA2","00128000004IjUiAAK","0031a000002kj2TAAQ","Gayathri Ferrara  Naik","Ferrara  Naik","Gayathri","ferraranaik@gainsighttest.com"
"003280000057JERAA2","00128000004IjUiAAK","0031a000002kj2UAAQ","Giri Babu Ferrara  Golla","Ferrara  Golla","Giri Babu","ferraragolla@gainsighttest.com"
"003280000057JESAA2","00128000004IjUiAAK","0031a000002kj2VAAQ","Govardhan Ferrara  Kommasani","Ferrara  Kommasani","Govardhan","ferrarakommasani@gainsighttest.com"
"003280000057JETAA2","00128000004IjUiAAK","0031a000002kj2WAAQ","Hari babu Ferrara  Vadlamudi","Ferrara  Vadlamudi","Hari babu","ferraravadlamudi@gainsighttest.com"
"003280000057JEUAA2","00128000004IjUiAAK","0031a000002kj2XAAQ","Jagadeesh Ferrara  Siripurapu","Ferrara  Siripurapu","Jagadeesh","ferrarasiripurapu@gainsighttest.com"
"003280000057JEVAA2","00128000004IjUiAAK","0031a000002kj2YAAQ","Jaya Prakash Ferrara  Vunnam","Ferrara  Vunnam","Jaya Prakash","ferraravunnam@gainsighttest.com"
"003280000057JEWAA2","00128000004IjUiAAK","0031a000002kj2ZAAQ","Kiran Kumar Ferrara  Gubbala","Ferrara  Gubbala","Kiran Kumar","ferraragubbala@gainsighttest.com"
"003280000057JEXAA2","00128000004IjUiAAK","0031a000002kj2aAAA","Krishna Sekhar Ferrara  Sarangam","Ferrara  Sarangam","Krishna Sekhar","ferrarasarangam@gainsighttest.com"
"003280000057JEYAA2","00128000004IjUiAAK","0031a000002kj2bAAA","Murali Krishna Ferrara  Kilari","Ferrara  Kilari","Murali Krishna","ferrarakilari@gainsighttest.com"
"003280000057JEZAA2","00128000004IjUiAAK","0031a000002kj2cAAA","Murthy Ferrara  Kavali","Ferrara  Kavali","Murthy","ferrarakavali@gainsighttest.com"
"003280000057JEaAAM","00128000004IjUiAAK","0031a000002kj2dAAA","Narayanan Ferrara  Sumesh","Ferrara  Sumesh","Narayanan","ferrarasumesh@gainsighttest.com"
"003280000057JEbAAM","00128000004IjUiAAK","0031a000002kj2eAAA","Pawel Ferrara  Dalal","Ferrara  Dalal","Pawel","ferraradalal@gainsighttest.com"
